depot_id,code_fleet,id_unit,duty_class,service_hours,install_region,codeModel
12,FB,1,1,8329.40000,Fürstenfeldbruck,XC-7
110,FA,2,L,6371.80000,Güstrow,APU-15
30,FD,3,L,16268.20000,New Jasonfort,APU-20
52,FA,4,2,9524.60000,Heinsberg,APU-15
114,FB,5,heavy,28956.70000,Güstrow,APU-15
116,FA,6, 3 ,45000.00000,Dachau,APU-20
73,FB,7,med,6915.60000,Großenhain,APU-20
55,FA,8, 2 ,9814.30000,Jülich,APU-20
53,FC,9,heavy,4918.20000,New Jasonfort,APU-12
67,FA,10,normal,9910.40000,Wismar,APU-12
44,FC,11,1,8084.40000,Lake Amandahaven,APU-15
13,FD,12,1,16673.00000,Beja,APU-20
91,FA,13,H,11083.40000,Caldas da Rainha,APU-15
102,FA,14,H,12847.40000,Lambertside,APU-15
19,FA,15,light,25171.10000,Esmoriz,APU-12
117,FE,16, 1 ,7489.90000,New Jasonfort,APU-15
8,FE,17, 1 ,17158.00000,Meppen,APU-12
8,FE,18,1,6204.30000,Michealside,XC-7
39,FC,19,1,30835.20000,Biedenkopf,APU-20
9,FD,20, light ,5145.30000,Wismar,APU-20
11,FE,21,1,10240.50000,Heiligenstadt,XC-7
36,FB,22,1,6221.30000,Meppen,XC-7
63,FA,23,2,12244.20000,Kennethchester,APU-15
96,FC,24,1,3450.30000,Großenhain,APU-15
6,FA,25,light,16716.80000,Vila Nova de Santo André,APU-12
11,FD,26,L,14273.40000,New Carolineberg,XC-7
27,FB,27,light,12493.00000,Jülich,APU-12
109,FD,28,normal,16664.10000,Anadia,APU-20
32,FA,29,L,18644.30000,Wolfratshausen,XC-7
24,FE,30,normal,9038.10000,Brooksside,XC-7
65,FC,31,2,13026.60000,Seixal,APU-12
46,FA,32,N,3285.30000,Heinsberg,APU-20
43,FA,33,normal,10700.40000,Mealhada,XC-7
116,FD,34,3,14320.80000,Jülich,APU-15
79,FB,35,med,16432.00000,Andrewberg,APU-20
30,FB,36,L,36756.70000,Quedlinburg,APU-20
80,FD,37,L,14798.60000,Jülich,APU-12
52,FE,38,med,3591.20000,Pfaffenhofen an der Ilm,XC-7
84,FD,39,normal,5378.50000,Barcelos,APU-15
8,FA,40,L,9222.60000,Porto,APU-20
31,FB,41,1,1617.00000,Michelleport,XC-7
74,FC,42, normal ,37156.20000,Esmoriz,XC-7
104,FB,43, H ,8293.80000,Barcelos,APU-15
91,FB,44,heavy,4827.50000,Pfaffenhofen an der Ilm,APU-15
83,FA,45,3,28851.90000,New Carolineberg,XC-7
119,FB,46,heavy,,Fürstenfeldbruck,XC-7
92,FE,47,heavy,11439.60000,Katherinechester,APU-12
63,FD,48,N,,New Carolineberg,APU-15
10,FE,49,light,10255.40000,Biedenkopf,XC-7
111,FB,50,H,4399.40000,Quedlinburg,APU-20
37,FB,51, 1 ,11412.20000,Esmoriz,XC-7
0,FC,52, heavy ,7342.80000,Mealhada,APU-15
64,FB,53,2,6052.00000,Vila Nova de Foz Côa,APU-12
12,FC,54,heavy,22692.50000,Anadia,APU-12
65,FE,55,N,5215.40000,Beja,APU-15
109,FD,56,heavy,29398.70000,Fürstenfeldbruck,APU-15
75,FA,57,2,16242.10000,Crailsheim,APU-15
76,FA,58,2,14863.10000,Vila Nova de Santo André,APU-15
79,FD,59,med,13834.40000,Anadia,APU-20
58,FA,60,med,12525.00000,Lamego,APU-15
45,FB,61,normal,15227.30000,New Carolineberg,APU-15
84,FE,62,heavy,5323.20000,Vila Franca de Xira,APU-12
50,FA,63, N ,11637.90000,Rangelbury,XC-7
50,FD,64,light,3513.00000,Andrewberg,XC-7
65,FE,65,med,5773.00000,Wolfratshausen,APU-12
37,FA,66,light,27428.50000,Michealside,APU-12
34,FB,67,1,10839.20000,Fürstenfeldbruck,APU-15
53,FD,68,light,14491.40000,Lake Timothyshire,XC-7
64,FD,69,N,12212.70000,New Carolineberg,APU-12
91,FA,70, heavy ,27724.70000,Heiligenstadt,XC-7
87,FC,71,3,5059.20000,Rathenow,APU-15
7,FB,72,1,13747.70000,Pfaffenhofen an der Ilm,APU-15
108,FD,73, heavy ,15174.50000,Sacavém,APU-15
51,FC,74,med,29887.50000,Caldas da Rainha,APU-12
72,FB,75,N,11080.10000,Güstrow,APU-20
50,FC,76,med,30770.00000,Bad Liebenwerda,XC-7
34,FE,77,heavy,7613.70000,Caldas da Rainha,XC-7
71,FC,78,normal,18977.50000,Lestertown,APU-12
85,FE,79,H,16459.20000,Fürstenfeldbruck,APU-15
93,FC,80, 3 ,11417.00000,Esmoriz,APU-12
30,FD,81,1,21058.60000,Güstrow,APU-15
10,FD,82,light,45000.00000,Lake Timothyshire,APU-12
84,FB,83,heavy,16780.30000,Pfaffenhofen an der Ilm,XC-7
18,FC,84,light,10779.40000,Katherinechester,APU-12
6,FA,85, light ,8145.10000,Gondomar,APU-15
59,FC,86,2,21199.30000,North Ronaldchester,APU-12
86,FB,87,heavy,13125.70000,Porto,XC-7
72,FE,88,H,11797.70000,Ermesinde,APU-15
116,FE,89,heavy,14386.60000,Esmoriz,APU-20
64,FD,90,normal,11022.20000,Vila Franca de Xira,APU-12
118,FD,91,heavy,30171.80000,Wolfratshausen,APU-12
43,FC,92,N,5487.80000,Lake Timothyshire,APU-12
18,FD,93,L,,Lambertside,APU-20
97,FE,94, 1 ,20482.50000,Quedlinburg,XC-7
87,FD,95,N,13683.20000,Lambertside,APU-12
48,FC,96,2,10547.20000,West Kayla,XC-7
13,FD,97,L,2668.60000,Großenhain,APU-15
87,FC,98,3,2471.60000,Sacavém,APU-15
79,FE,99,normal,33262.50000,Bad Liebenwerda,APU-20
60,FA,100,N,15510.30000,Andrewberg,XC-7
98,FA,101,L,,Wolfratshausen,XC-7
10,FC,102,1,14619.50000,Crailsheim,APU-12
119,FE,103,H,10541.50000,Seixal,APU-15
46,FD,104,med,12782.50000,Erkelenz,APU-20
38,FC,105,3,17487.60000,Ermesinde,APU-15
18,FE,106,L,8570.50000,Kassel,APU-20
24,FE,107,3,16279.90000,Vila Franca de Xira,APU-20
105,FE,108,heavy,8759.30000,Wismar,APU-20
19,FC,109,1,8572.60000,Meppen,APU-15
14,FA,110,light,11475.00000,Rathenow,APU-20
28,FD,111,2,42280.00000,Dachau,APU-20
55,FD,112,2,12703.40000,Quedlinburg,APU-12
39,FB,113,light,6211.40000,Biedenkopf,APU-12
23,FA,114,normal,20346.10000,Lake Troy,APU-15
41,FE,115,med,7412.70000,Christopherfurt,APU-20
13,FE,116,L,15161.50000,Sacavém,APU-15
102,FC,117,H,8758.90000,Heinsberg,APU-20
24,FE,118,light,19268.80000,New Jasonfort,APU-15
90,FD,119,light,31540.30000,Michelleport,APU-20
78,FC,120,normal,7922.70000,Lake Timothyshire,XC-7
116,FA,121,normal,5411.90000,Stade,APU-15
26,FE,122,light,12951.40000,Heiligenstadt,APU-15
24,FB,123,light,15720.10000,Meppen,APU-12
6,FC,124,light,21923.90000,Kassel,APU-15
54,FC,125,med,,Meppen,APU-15
95,FB,126,3,42376.80000,Jülich,APU-12
22,FC,127,L,8985.20000,West Kayla,APU-12
53,FD,128,N,,Vila Franca de Xira,APU-12
35,FE,129,light,11559.10000,Vila Nova de Santo André,APU-12
12,FB,130,light,31041.50000,Lestertown,APU-12
37,FE,131, light ,10874.00000,Sacavém,APU-20
83,FB,132,3,19900.20000,Wolfratshausen,APU-20
112,FD,133,H,4997.70000,Beja,APU-20
9,FE,134,L,20053.20000,North Ronaldchester,APU-20
35,FA,135,1,12523.20000,Vila Nova de Foz Côa,XC-7
75,FA,136,light,16507.10000,Lake Timothyshire,APU-20
2,FA,137,1,17011.40000,North Ronaldchester,APU-12
113,FA,138, H ,14499.80000,Bischofswerda,APU-20
18,FB,139,light,23035.40000,Vila Nova de Foz Côa,APU-15
31,FB,140,1,20855.00000,Vila Nova de Foz Côa,XC-7
56,FC,141,L,12481.60000,Barcelos,APU-20
28,FC,142,1,16278.20000,New Jasonfort,APU-20
69,FD,143, 2 ,11340.90000,Wolfratshausen,XC-7
105,FB,144,3,3875.10000,Porto,APU-20
14,FB,145,light,9744.10000,Ermesinde,APU-20
50,FE,146,normal,12416.40000,Jülich,APU-15
115,FC,147,heavy,22367.40000,East Christopherhaven,APU-20
44,FE,148,light,23050.10000,Heinsberg,APU-20
55,FA,149,N,12873.20000,Vila Nova de Foz Côa,APU-15
4,FD,150,1,8833.40000,Bad Liebenwerda,APU-12
64,FC,151,2,15594.30000,Potsdam,APU-12
10,FA,152,L,6929.20000,Stade,APU-12
101,FA,153,heavy,11365.10000,Ermesinde,APU-20
40,FD,154,heavy,11487.00000,West Garyville,APU-15
113,FA,155,H,2663.50000,Großenhain,APU-15
40,FE,156,normal,6251.10000,Ermesinde,APU-15
94,FB,157,L,13464.30000,Lambertside,APU-15
36,FE,158,L,19994.10000,Katherinechester,XC-7
14,FD,159,light,6406.30000,Jülich,APU-15
14,FE,160,N,14455.60000,Lestertown,APU-12
5,FB,161,H,18176.80000,Brooksside,APU-12
38,FA,162,1,15329.00000,Fürstenfeldbruck,APU-12
66,FB,163, 2 ,12099.60000,Seixal,APU-12
71,FC,164,N,,Lamego,XC-7
23,FE,165,1,13687.70000,West Garyville,APU-20
71,FB,166,normal,14752.30000,Potsdam,APU-20
64,FC,167,2,12013.30000,Lake Amandahaven,APU-15
25,FA,168, med ,,Kassel,APU-15
47,FA,169,L,16617.20000,Potsdam,APU-12
105,FE,170,3,9030.10000,Beja,APU-15
70,FA,171,2,,Brooksside,APU-15
50,FD,172,normal,10731.30000,Kennethchester,XC-7
119,FD,173, 3 ,10317.90000,Vila Franca de Xira,APU-12
36,FB,174,1,10116.40000,Barcelos,APU-15
19,FD,175,1,35169.80000,Caldas da Rainha,APU-20
9,FB,176,L,18087.20000,North Ronaldchester,XC-7
2,FB,177,light,6532.10000,Michelleport,XC-7
103,FC,178,heavy,22152.10000,Meppen,APU-12
97,FA,179,light,10860.90000,Rathenow,APU-20
57,FE,180,normal,9765.40000,Mealhada,APU-12
101,FC,181,2,16828.10000,Biedenkopf,APU-20
12,FD,182,light,6699.30000,Kassel,APU-15
75,FD,183,normal,13062.90000,Großenhain,XC-7
59,FD,184,normal,7561.00000,Heiligenstadt,XC-7
110,FA,185,H,8176.10000,Lake Timothyshire,XC-7
10,FE,186,L,14549.10000,West Garyville,APU-20
104,FA,187,heavy,19492.20000,Lestertown,APU-15
58,FD,188,med,14831.30000,Katherinechester,APU-15
62,FE,189, 2 ,,Lake Troy,APU-15
71,FD,190,med,7382.20000,Brooksside,APU-20
39,FC,191,3,10032.80000,Güstrow,APU-12
10,FE,192,light,3152.60000,Amora,APU-12
23,FD,193, L ,8059.40000,Gondomar,APU-12
64,FB,194,normal,14642.10000,Lamego,APU-12
64,FD,195,N,15387.70000,Heinsberg,APU-12
107,FD,196,H,8482.00000,Michealside,XC-7
44,FE,197,H,24125.50000,Lake Timothyshire,APU-15
117,FA,198,3,10814.70000,East Christopherhaven,XC-7
115,FC,199,N,20037.00000,Kassel,APU-20
55,FE,200,med,24126.50000,Andrewberg,APU-12
41,FD,201,normal,22581.50000,Potsdam,APU-20
106,FA,202,L,11899.80000,Jülich,APU-12
38,FE,203, L ,13339.50000,Christopherfurt,APU-20
24,FA,204,1,22325.00000,Bad Liebenwerda,XC-7
119,FA,205,3,43351.00000,Vila Franca de Xira,APU-12
116,FD,206,H,8740.50000,Dachau,APU-12
86,FB,207,heavy,18922.90000,Mirandela,APU-20
95,FD,208,heavy,10369.80000,Bischofswerda,XC-7
95,FA,209,1,26381.20000,Rangelbury,APU-12
112,FA,210,med,22580.60000,Porto,XC-7
9,FD,211,3,14659.30000,Dachau,APU-20
88,FA,212,H,13582.80000,Barcelos,APU-20
46,FE,213,L,,Kassel,XC-7
70,FA,214,N,6118.30000,Crailsheim,APU-20
119,FE,215, H ,8973.60000,Vila Nova de Foz Côa,APU-15
57,FB,216,L,11863.40000,Caldas da Rainha,APU-20
106,FE,217,heavy,37744.80000,Lake Amandahaven,APU-20
69,FB,218,2,16927.50000,Heiligenstadt,APU-12
40,FA,219,normal,22646.50000,Meppen,APU-15
21,FB,220,2,6470.50000,Lamego,APU-15
31,FE,221,1,16854.20000,Jülich,XC-7
105,FD,222,L,15050.00000,Vila Franca de Xira,APU-15
46,FC,223,normal,5346.30000,Dachau,APU-12
78,FA,224,2,11545.60000,Mealhada,XC-7
39,FE,225,1,37511.70000,Wismar,APU-12
48,FE,226,med,13710.80000,Bischofswerda,APU-12
7,FC,227,light,17604.40000,Lestertown,XC-7
71,FC,228,med,19651.90000,Heinsberg,APU-15
48,FC,229,N,,New Jasonfort,APU-12
45,FC,230,med,14993.80000,Kassel,APU-15
24,FE,231,L,8686.50000,East Christopherhaven,XC-7
103,FB,232,3,10217.50000,Quedlinburg,APU-20
45,FC,233, 2 ,7571.20000,Michelleport,XC-7
4,FD,234,L,7509.80000,Pfaffenhofen an der Ilm,APU-20
7,FE,235,1,9297.20000,Stade,APU-20
75,FC,236,med,10951.90000,Rangelbury,APU-20
6,FC,237,3,14984.10000,Brooksside,XC-7
115,FA,238,H,12267.10000,Potsdam,APU-20
111,FA,239,H,27747.90000,Jülich,XC-7
46,FD,240,heavy,10857.80000,Vendas Novas,XC-7
46,FB,241,med,10216.90000,Lamego,APU-20
0,FC,242,1,13922.00000,Michelleport,APU-12
93,FE,243,1,16369.20000,Andrewberg,APU-20
24,FE,244,1,11526.80000,East Christopherhaven,APU-15
53,FC,245,med,19940.30000,Vendas Novas,APU-15
104,FE,246,H,,Andrewberg,APU-20
78,FB,247,N,6198.90000,New Jasonfort,APU-12
42,FD,248,N,13306.10000,Bischofswerda,APU-20
29,FD,249,L,9701.80000,Güstrow,APU-12
103,FA,250,heavy,12126.20000,Mirandela,XC-7
5,FD,251, L ,,Porto,APU-15
24,FC,252,L,,Sacavém,APU-12
108,FD,253,L,9814.10000,North Ronaldchester,APU-20
119,FB,254,H,17136.90000,Lambertside,APU-20
38,FD,255,1,14773.10000,Ermesinde,APU-15
34,FE,256,L,5272.90000,Mirandela,APU-20
84,FB,257,H,37157.00000,Fürstenfeldbruck,APU-15
2,FB,258, L ,9474.90000,Lake Troy,APU-15
26,FB,259, L ,18585.30000,Katherinechester,APU-12
25,FD,260,2,8782.10000,Güstrow,APU-20
38,FB,261,L,7039.40000,Sacavém,APU-20
116,FC,262,L,19452.50000,Heinsberg,APU-15
91,FC,263,L,,Sacavém,APU-12
108,FD,264,heavy,18606.40000,Gondomar,XC-7
49,FE,265,med,6659.60000,Porto,APU-12
59,FD,266,2,8716.20000,New Jasonfort,APU-12
20,FC,267,1,13005.70000,Gondomar,XC-7
44,FC,268,2,6108.80000,West Kayla,APU-20
69,FA,269,med,6397.50000,Caldas da Rainha,APU-15
74,FA,270,med,8208.70000,New Carolineberg,APU-20
112,FD,271,H,6150.10000,Lamego,APU-20
76,FA,272,N,4939.40000,Rathenow,XC-7
53,FA,273,2,41755.70000,Fürstenfeldbruck,XC-7
70,FE,274,2,26246.70000,Lake Amandahaven,APU-20
99,FA,275,heavy,10368.80000,Caldas da Rainha,XC-7
117,FA,276,3,,Jülich,APU-20
0,FE,277,L,23821.50000,Kennethchester,APU-20
49,FC,278,N,16147.10000,Kassel,APU-15
36,FC,279,2,11950.10000,Kassel,APU-12
78,FA,280,N,15879.30000,Seixal,APU-20
43,FC,281, L ,12735.00000,Jülich,XC-7
30,FA,282,1,16021.70000,Lake Amandahaven,XC-7
108,FC,283,3,5813.80000,Heiligenstadt,APU-12
2,FA,284,1,14410.20000,Katherinechester,APU-20
103,FE,285, N ,14902.90000,Rathenow,APU-12
80,FD,286,3,15168.30000,Lamego,XC-7
40,FE,287,N,15816.30000,Mealhada,XC-7
69,FC,288,light,23942.20000,Sacavém,APU-15
108,FC,289,1,22309.70000,Caldas da Rainha,APU-20
89,FD,290,heavy,16112.80000,Stade,APU-12
60,FA,291, normal ,25032.10000,Katherinechester,APU-15
56,FE,292,2,11048.70000,Sacavém,APU-12
75,FC,293,2,8518.20000,Vila Nova de Foz Côa,XC-7
53,FC,294,normal,4731.90000,Mirandela,APU-15
117,FB,295,heavy,12244.50000,Heinsberg,XC-7
90,FB,296,H,10591.50000,Gondomar,XC-7
8,FA,297,1,36567.80000,Erkelenz,APU-15
84,FC,298,heavy,16190.90000,Seixal,APU-15
88,FC,299,L,8844.70000,Esmoriz,XC-7
51,FA,300,N,9428.30000,Michealside,APU-12
55,FB,301,N,7615.60000,Caldas da Rainha,APU-20
84,FC,302,3,9105.50000,Lambertside,APU-12
106,FE,303,3,8523.70000,Christopherfurt,XC-7
14,FC,304,1,20317.80000,Anadia,APU-15
30,FD,305,2,,Christopherfurt,APU-12
60,FD,306,normal,43026.90000,Gondomar,APU-20
110,FB,307,H,8322.50000,Gondomar,XC-7
70,FC,308,2,4705.10000,Güstrow,XC-7
13,FE,309,L,9469.10000,Gondomar,APU-12
40,FE,310,normal,5746.50000,Amora,APU-15
106,FD,311,H,8765.20000,Barcelos,APU-20
90,FB,312,heavy,13845.60000,Mealhada,APU-15
61,FB,313,L,21610.60000,Ermesinde,APU-20
36,FD,314,L,13288.20000,Fürstenfeldbruck,XC-7
3,FB,315,light,4612.90000,North Ronaldchester,XC-7
113,FB,316,3,15466.00000,Wismar,APU-12
27,FE,317,light,,Mirandela,XC-7
55,FC,318,2,19133.20000,Vila Nova de Santo André,APU-12
21,FB,319,1,9716.00000,Christopherfurt,XC-7
43,FD,320,2,6814.50000,Kennethchester,APU-12
85,FB,321,3,12924.20000,Stade,APU-20
82,FD,322,heavy,13890.70000,Kennethchester,APU-12
8,FD,323,1,5407.20000,Lake Timothyshire,APU-12
34,FD,324,1,13807.40000,Heinsberg,APU-20
48,FA,325,2,16285.60000,Crailsheim,APU-12
44,FC,326,N,4040.10000,Fürstenfeldbruck,XC-7
43,FA,327, N ,11837.70000,Stade,APU-15
1,FD,328,L,7331.40000,Meppen,APU-15
75,FE,329,2,3436.00000,New Jasonfort,APU-15
113,FD,330,light,31585.80000,New Jasonfort,APU-15
43,FE,331,normal,29014.10000,Dachau,APU-12
95,FB,332,3,9782.30000,Quedlinburg,APU-12
87,FD,333,H,7016.70000,Lake Timothyshire,APU-20
103,FA,334,L,15575.10000,Biedenkopf,APU-20
68,FB,335, med ,7741.00000,Bischofswerda,APU-12
17,FA,336,normal,13721.30000,Meppen,APU-12
57,FB,337,med,11508.70000,Lake Troy,XC-7
2,FD,338,1,12945.10000,Christopherfurt,APU-15
34,FB,339,L,16506.00000,New Carolineberg,APU-12
113,FB,340,H,8301.80000,Andrewberg,APU-12
9,FD,341,light,9586.50000,Esmoriz,APU-20
46,FD,342,1,14278.60000,Heiligenstadt,XC-7
66,FB,343,3,10982.80000,Vila Nova de Foz Côa,APU-12
60,FE,344, N ,,Sacavém,APU-12
93,FA,345,heavy,6276.80000,Mealhada,APU-12
15,FB,346,light,27748.10000,Mirandela,APU-15
118,FC,347,3,6469.00000,Lake Amandahaven,APU-20
0,FA,348,L,8470.60000,Jülich,APU-12
107,FE,349,N,11033.80000,Mealhada,XC-7
38,FD,350,light,12592.20000,Heiligenstadt,APU-15
25,FE,351,1,28365.90000,Caldas da Rainha,APU-15
76,FD,352,N,11131.00000,Quedlinburg,XC-7
77,FD,353,light,10448.90000,Quedlinburg,APU-15
59,FD,354,med,14285.40000,Gondomar,APU-15
57,FC,355, 2 ,20924.10000,Lestertown,APU-15
16,FB,356,light,8324.50000,New Jasonfort,APU-15
116,FB,357,3,7675.70000,West Garyville,APU-20
85,FA,358,3,3618.60000,Caldas da Rainha,APU-15
53,FD,359,N,3710.00000,Seixal,APU-12
111,FE,360,normal,24330.90000,Großenhain,APU-15
26,FD,361,L,3920.10000,West Garyville,APU-20
14,FD,362,L,,Bischofswerda,APU-20
48,FD,363,N,14180.50000,Michealside,APU-20
10,FD,364,1,10476.40000,Crailsheim,XC-7
84,FE,365, 1 ,16095.20000,Gondomar,APU-20
61,FC,366,2,7825.90000,Vila Franca de Xira,APU-12
31,FA,367,light,5192.30000,Dachau,APU-15
47,FE,368,1,7044.10000,Vila Franca de Xira,APU-20
59,FB,369,L,19309.70000,West Kayla,APU-15
67,FC,370,normal,1683.20000,Lestertown,APU-20
0,FD,371, 1 ,18354.90000,Rangelbury,APU-15
4,FB,372, 1 ,11139.50000,Rangelbury,APU-20
71,FE,373,N,8543.30000,Beja,APU-20
95,FB,374,heavy,19431.30000,Brooksside,APU-20
88,FA,375,H,18604.00000,Caldas da Rainha,APU-20
93,FE,376,H,45000.00000,Brooksside,APU-20
74,FA,377,normal,25956.80000,Heinsberg,APU-12
118,FE,378,3,11987.80000,Heiligenstadt,APU-12
90,FE,379,H,14114.60000,East Christopherhaven,APU-12
35,FD,380,L,13073.80000,Rathenow,APU-20
39,FE,381,light,11667.90000,Quedlinburg,APU-12
104,FD,382,light,8627.10000,Vila Franca de Xira,APU-20
32,FC,383,normal,,Gondomar,XC-7
36,FA,384,1,22706.70000,Erkelenz,APU-12
103,FA,385,1,20017.60000,West Garyville,XC-7
77,FE,386,light,11532.40000,Heinsberg,XC-7
4,FA,387,light,,Esmoriz,APU-12
25,FE,388,light,12652.00000,Bischofswerda,APU-12
95,FD,389,2,,Crailsheim,APU-15
52,FC,390,med,12993.50000,Christopherfurt,APU-12
1,FC,391,light,21792.20000,Biedenkopf,APU-15
50,FB,392,normal,19363.50000,Heinsberg,APU-15
42,FC,393,light,15443.60000,Anadia,XC-7
1,FA,394,L,30167.40000,Katherinechester,XC-7
112,FE,395,1,20748.50000,Seixal,APU-15
31,FC,396,2,27941.10000,Biedenkopf,XC-7
31,FD,397,L,9389.90000,Brooksside,APU-12
115,FE,398, N ,6253.20000,Vendas Novas,APU-12
6,FD,399, 1 ,7504.20000,Vila Franca de Xira,XC-7
57,FE,400,2,16789.40000,Caldas da Rainha,APU-20
88,FB,401,2,10567.50000,West Garyville,APU-15
31,FE,402,light,12745.60000,Lake Timothyshire,APU-15
60,FD,403,2,,New Carolineberg,APU-12
8,FE,404,light,5568.40000,West Garyville,APU-12
55,FA,405,N,14324.60000,Vila Franca de Xira,XC-7
101,FB,406,heavy,,Michealside,APU-20
102,FE,407,heavy,18165.00000,Rangelbury,XC-7
26,FC,408,1,10387.80000,Michelleport,APU-20
92,FD,409,3,2969.20000,North Ronaldchester,APU-12
93,FA,410,N,13991.70000,Katherinechester,XC-7
115,FD,411,N,10531.20000,Erkelenz,APU-20
45,FD,412,2,7923.50000,Anadia,XC-7
17,FD,413,light,10854.00000,Heiligenstadt,XC-7
47,FE,414,N,18988.80000,Meppen,APU-12
100,FE,415,heavy,16731.60000,Lambertside,XC-7
41,FC,416,normal,34841.10000,Potsdam,XC-7
41,FE,417,N,22144.20000,Kennethchester,XC-7
27,FE,418, light ,18221.10000,Beja,APU-20
106,FA,419,H,17307.10000,Biedenkopf,APU-20
68,FA,420,med,9015.20000,Brooksside,APU-20
41,FE,421,heavy,26995.80000,Lambertside,APU-15
17,FA,422,light,10616.80000,Rangelbury,XC-7
97,FA,423,H,18160.00000,Rathenow,APU-15
119,FB,424,L,4027.50000,Vila Nova de Foz Côa,APU-12
60,FB,425,normal,16120.60000,Vendas Novas,APU-15
21,FD,426,L,,Ermesinde,APU-15
55,FA,427,2,12936.40000,New Carolineberg,APU-20
41,FE,428,2,21043.00000,Michelleport,APU-12
66,FE,429,L,7784.90000,Crailsheim,APU-12
47,FC,430,med,11053.80000,Vendas Novas,XC-7
81,FE,431,3,18438.40000,Jülich,APU-15
49,FC,432,normal,4631.70000,Mirandela,APU-12
92,FC,433,L,7753.00000,Lake Troy,APU-20
30,FC,434,L,22444.10000,Crailsheim,XC-7
102,FC,435,H,12409.50000,Seixal,APU-12
102,FB,436,2,33771.60000,Quedlinburg,APU-12
14,FD,437,L,7814.70000,North Ronaldchester,XC-7
113,FD,438,normal,12564.60000,Seixal,APU-12
82,FE,439,med,21458.00000,Gondomar,APU-15
6,FE,440,3,5006.30000,Rangelbury,XC-7
25,FD,441,1,4955.30000,Gondomar,APU-15
72,FB,442,med,7411.20000,Kennethchester,APU-12
114,FA,443,3,,Ermesinde,APU-12
33,FD,444,light,14355.70000,Katherinechester,APU-12
36,FD,445,light,25838.00000,Potsdam,APU-15
26,FD,446,L,24646.80000,Christopherfurt,XC-7
93,FB,447,H,38481.00000,Güstrow,APU-12
34,FB,448, light ,12172.40000,Michelleport,APU-15
44,FD,449, 2 ,20962.30000,Michealside,APU-12
29,FE,450,1,28407.70000,Andrewberg,XC-7
63,FE,451,2,8140.90000,Beja,APU-15
26,FD,452,3,13241.00000,Caldas da Rainha,APU-12
21,FC,453,1,23308.10000,Barcelos,XC-7
74,FA,454,N,9397.60000,Michealside,XC-7
104,FD,455,H,17030.60000,New Carolineberg,APU-12
85,FA,456, H ,10565.30000,Michelleport,APU-15
118,FE,457,H,7022.80000,West Garyville,APU-15
67,FD,458,normal,10970.30000,Kennethchester,XC-7
31,FB,459,light,9312.20000,Crailsheim,APU-15
78,FE,460,med,10985.80000,Heiligenstadt,APU-20
3,FD,461,light,6279.10000,Biedenkopf,APU-20
100,FA,462,heavy,25173.60000,Vila Franca de Xira,APU-20
110,FA,463,3,,Christopherfurt,APU-12
42,FC,464,normal,15542.80000,Mealhada,APU-20
19,FB,465,1,8784.40000,East Christopherhaven,APU-15
75,FA,466,3,10563.20000,Dachau,APU-15
42,FB,467,2,7910.60000,Amora,APU-15
72,FD,468,med,20896.90000,Rathenow,APU-15
73,FB,469,normal,12129.50000,Caldas da Rainha,APU-20
27,FA,470,L,18382.00000,Michealside,APU-12
51,FD,471,2,33205.60000,Caldas da Rainha,APU-20
63,FB,472,1,13374.30000,Katherinechester,APU-12
26,FE,473,light,,Erkelenz,XC-7
88,FC,474,3,9157.20000,Quedlinburg,APU-12
50,FC,475,med,13915.00000,Amora,APU-12
34,FE,476,1,7209.30000,Seixal,APU-20
29,FA,477,L,37732.50000,Rathenow,APU-12
33,FB,478,L,19965.40000,Dachau,APU-20
57,FE,479,2,23699.40000,Crailsheim,APU-15
92,FE,480,L,9610.60000,Esmoriz,APU-15
89,FE,481,3,42778.10000,Esmoriz,XC-7
53,FC,482,N,12354.00000,West Kayla,XC-7
88,FC,483,heavy,12002.10000,Lake Troy,XC-7
100,FB,484,heavy,12853.50000,Kassel,APU-20
13,FB,485,light,14861.70000,Caldas da Rainha,APU-15
115,FE,486,heavy,23118.40000,West Kayla,APU-20
106,FC,487,3,12180.50000,Quedlinburg,APU-12
32,FE,488,1,15296.70000,Vila Franca de Xira,APU-15
50,FB,489,normal,10201.10000,Lake Amandahaven,APU-20
7,FE,490,N,32819.70000,Michealside,XC-7
75,FC,491,2,16818.80000,Esmoriz,APU-15
72,FB,492,1,11366.10000,Beja,APU-12
108,FE,493,3,16493.90000,Amora,APU-12
112,FE,494,N,4978.70000,Lake Troy,XC-7
12,FB,495,light,27072.80000,Güstrow,APU-15
87,FE,496,heavy,28508.60000,Brooksside,APU-12
45,FE,497,N,,Wismar,APU-20
67,FA,498,med,15226.90000,Rathenow,APU-12
19,FD,499,L,20550.50000,West Kayla,APU-12
119,FB,500,light,7394.70000,Porto,APU-12
113,FC,501,3,24391.20000,Mirandela,XC-7
99,FA,502,3,19615.20000,Amora,XC-7
60,FC,503,med,9614.90000,Gondomar,XC-7
63,FA,504,normal,11578.70000,Bischofswerda,APU-12
8,FD,505,1,11673.60000,West Kayla,APU-12
118,FA,506,heavy,6387.20000,Sacavém,APU-20
77,FC,507,N,14341.50000,Lake Timothyshire,APU-15
116,FE,508,H,15077.30000,Anadia,APU-15
32,FC,509,L,15995.60000,Heiligenstadt,XC-7
29,FC,510,normal,10018.10000,North Ronaldchester,APU-20
80,FA,511,3,3997.20000,Lake Troy,APU-12
75,FB,512,N,7219.40000,Lake Amandahaven,APU-15
95,FD,513,H,17590.00000,Katherinechester,APU-20
119,FE,514, 3 ,45000.00000,Michealside,APU-15
111,FA,515,heavy,,Mirandela,APU-12
78,FA,516,2,14861.10000,Ermesinde,APU-20
110,FC,517,heavy,23646.60000,Vila Nova de Foz Côa,APU-20
21,FA,518,L,30568.70000,Fürstenfeldbruck,APU-12
112,FA,519,H,9735.90000,Pfaffenhofen an der Ilm,APU-20
30,FE,520,3,34438.20000,Vila Franca de Xira,APU-20
100,FE,521,3,5248.50000,Pfaffenhofen an der Ilm,XC-7
28,FA,522,L,3084.20000,Kennethchester,APU-20
55,FE,523,med,22133.60000,Erkelenz,APU-15
20,FD,524,L,39201.80000,Sacavém,XC-7
76,FB,525,normal,8470.80000,Biedenkopf,XC-7
17,FD,526,light,17279.30000,Lestertown,APU-12
7,FC,527,med,13045.40000,Quedlinburg,APU-15
47,FD,528,N,7969.80000,Seixal,APU-20
86,FE,529,heavy,8892.70000,New Jasonfort,APU-20
12,FC,530,1,24887.00000,Lake Troy,XC-7
105,FA,531,H,7270.90000,West Kayla,XC-7
13,FA,532,1,26526.30000,Quedlinburg,APU-20
98,FA,533,L,23532.70000,East Christopherhaven,APU-20
115,FD,534,normal,18544.70000,Biedenkopf,APU-15
64,FA,535,med,10046.40000,Kennethchester,APU-12
6,FE,536,L,6295.40000,Seixal,APU-20
110,FE,537,H,8229.50000,Rangelbury,APU-20
21,FA,538,1,18572.80000,Pfaffenhofen an der Ilm,XC-7
6,FB,539,light,,Heinsberg,APU-15
76,FA,540, med ,10625.80000,Beja,APU-12
113,FD,541,light,16817.80000,New Jasonfort,APU-20
38,FE,542,light,13796.00000,Quedlinburg,XC-7
101,FD,543,3,2933.30000,Lambertside,APU-12
51,FB,544,med,23805.60000,Michelleport,XC-7
101,FE,545,N,13499.70000,Mirandela,APU-15
2,FD,546,3,13401.80000,Stade,APU-20
49,FD,547,light,6995.60000,Michealside,XC-7
18,FC,548,3,6117.90000,Jülich,APU-15
108,FE,549,H,,Lamego,XC-7
105,FD,550,heavy,14740.30000,Amora,XC-7
32,FD,551,light,26562.00000,Vila Franca de Xira,XC-7
66,FB,552,2,12955.80000,Bad Liebenwerda,APU-15
108,FD,553,H,23807.20000,Kassel,APU-20
24,FE,554, 1 ,,West Garyville,XC-7
68,FD,555, med ,11286.40000,Bischofswerda,APU-15
106,FE,556,1,31301.00000,Großenhain,APU-12
48,FE,557,L,16490.00000,Brooksside,XC-7
103,FB,558,H,45000.00000,Lestertown,APU-15
114,FC,559,normal,27375.90000,Gondomar,XC-7
40,FA,560,3,6145.90000,Stade,APU-15
63,FB,561,2,12218.00000,Ermesinde,APU-20
93,FA,562, heavy ,9092.40000,Heiligenstadt,APU-20
11,FC,563,1,16340.30000,Lestertown,APU-12
31,FD,564,1,7472.70000,Wolfratshausen,APU-20
66,FB,565,L,12583.20000,Vendas Novas,APU-15
26,FB,566,L,14629.80000,Esmoriz,APU-12
20,FD,567,1,7982.60000,Barcelos,APU-15
9,FC,568,L,14273.50000,Güstrow,APU-12
114,FA,569,heavy,5307.30000,Vendas Novas,XC-7
93,FA,570,med,23905.30000,Ermesinde,APU-20
56,FB,571,med,16475.40000,Caldas da Rainha,APU-12
111,FC,572,H,15892.90000,Katherinechester,XC-7
117,FC,573,heavy,11154.70000,Lake Amandahaven,XC-7
93,FE,574, N ,13292.30000,Potsdam,APU-20
70,FB,575,L,,Andrewberg,APU-15
78,FA,576, med ,10037.50000,Pfaffenhofen an der Ilm,XC-7
46,FC,577,2,12734.70000,Vila Nova de Santo André,APU-15
10,FC,578,light,11708.60000,Vila Nova de Foz Côa,APU-15
39,FB,579,L,10212.10000,Stade,APU-12
48,FB,580,med,10489.60000,Vendas Novas,XC-7
93,FE,581, heavy ,13640.70000,Heiligenstadt,APU-20
28,FC,582,light,15858.90000,Vila Nova de Foz Côa,APU-20
85,FE,583,heavy,7117.40000,Caldas da Rainha,APU-20
101,FC,584,3,13912.80000,Caldas da Rainha,XC-7
40,FA,585,normal,16112.80000,Brooksside,XC-7
31,FD,586,L,12349.80000,New Carolineberg,XC-7
2,FC,587,3,6747.00000,Barcelos,XC-7
66,FB,588,N,5579.10000,Porto,APU-12
102,FD,589,heavy,9509.30000,Lamego,APU-15
39,FE,590, H ,2519.50000,Rathenow,APU-20
65,FC,591,N,11264.30000,Anadia,APU-20
56,FA,592,N,15520.50000,Heiligenstadt,APU-20
118,FA,593,3,23019.90000,Jülich,APU-12
91,FD,594,light,10264.20000,East Christopherhaven,APU-15
25,FB,595,L,14311.20000,East Christopherhaven,APU-12
49,FE,596,2,6005.90000,Lambertside,APU-15
46,FC,597, med ,20068.20000,Michelleport,XC-7
27,FE,598,L,28576.80000,Christopherfurt,XC-7
50,FA,599,normal,7687.80000,Potsdam,APU-20
27,FE,600,L,13115.50000,Seixal,APU-20
45,FA,601,normal,13837.00000,Mealhada,APU-20
40,FD,602,heavy,14518.00000,Großenhain,APU-20
0,FA,603,L,26568.60000,Vendas Novas,APU-20
78,FD,604,2,,Andrewberg,XC-7
73,FE,605,N,14192.80000,Großenhain,APU-12
5,FE,606,L,4674.10000,Jülich,APU-15
55,FA,607,med,10489.80000,Lambertside,APU-12
20,FB,608,L,11674.50000,Vila Franca de Xira,APU-12
99,FB,609,heavy,24070.20000,Erkelenz,APU-20
30,FD,610,1,18455.00000,Heinsberg,XC-7
77,FC,611,2,28459.70000,Lestertown,APU-15
101,FE,612,3,32752.10000,Caldas da Rainha,XC-7
83,FD,613, N ,11687.50000,Kennethchester,APU-20
87,FE,614,3,7848.70000,Christopherfurt,XC-7
31,FB,615,light,9946.60000,Anadia,APU-20
57,FD,616, N ,8589.20000,North Ronaldchester,XC-7
7,FE,617,L,45000.00000,Barcelos,APU-15
39,FB,618,L,3588.90000,West Garyville,APU-12
23,FA,619,light,8578.40000,East Christopherhaven,APU-20
70,FB,620,N,15604.50000,Vila Franca de Xira,APU-12
68,FD,621,N,4831.50000,Potsdam,APU-20
66,FA,622,H,24921.60000,Meppen,APU-15
17,FC,623, 1 ,43824.10000,Vila Franca de Xira,APU-20
57,FB,624,med,4926.30000,Meppen,APU-15
65,FC,625,2,7478.20000,Stade,APU-15
46,FA,626,L,5194.90000,Vila Nova de Santo André,XC-7
20,FB,627,light,26991.00000,West Kayla,APU-12
6,FE,628,L,13385.30000,Seixal,APU-12
103,FB,629,heavy,25289.00000,Andrewberg,APU-12
16,FA,630,L,13320.00000,Katherinechester,APU-15
21,FE,631,normal,17528.20000,New Carolineberg,APU-15
6,FB,632,light,10892.90000,Großenhain,APU-15
69,FD,633,normal,24046.90000,Mirandela,XC-7
60,FC,634,med,9840.40000,Lake Timothyshire,XC-7
1,FA,635, light ,,Vila Franca de Xira,APU-12
82,FC,636,3,8116.30000,Caldas da Rainha,APU-12
99,FE,637,H,15266.70000,Amora,APU-15
29,FE,638,2,19325.20000,New Jasonfort,APU-12
40,FD,639,H,6216.00000,Amora,APU-15
3,FA,640,L,10866.30000,Lake Amandahaven,XC-7
6,FA,641,L,5649.60000,Caldas da Rainha,APU-20
40,FB,642,med,12532.20000,Potsdam,APU-15
78,FC,643,med,13996.60000,Lambertside,APU-15
69,FE,644,3,8980.00000,Sacavém,APU-20
20,FC,645,light,17137.30000,Erkelenz,APU-15
72,FA,646,heavy,12499.60000,Erkelenz,XC-7
9,FE,647,L,18672.00000,Wismar,APU-12
96,FD,648,3,9295.70000,Mealhada,APU-12
105,FA,649,3,5339.70000,East Christopherhaven,APU-20
74,FE,650,normal,13507.20000,Brooksside,APU-12
95,FE,651, H ,9117.00000,Dachau,APU-15
76,FE,652,2,19475.80000,Fürstenfeldbruck,APU-20
70,FA,653,normal,13140.30000,Anadia,APU-12
3,FE,654,light,16777.90000,Kassel,XC-7
93,FB,655,3,8576.60000,Andrewberg,APU-20
11,FE,656,1,5202.00000,Güstrow,XC-7
33,FC,657,light,14336.40000,Vila Nova de Foz Côa,APU-20
103,FD,658,3,9590.90000,New Jasonfort,XC-7
25,FB,659,L,3927.30000,Kassel,APU-20
93,FA,660,heavy,4852.00000,Lake Troy,APU-20
40,FC,661,normal,44315.10000,Kassel,APU-15
32,FE,662,N,29117.60000,Bad Liebenwerda,APU-15
85,FB,663,med,15959.80000,Lake Timothyshire,APU-15
84,FB,664, 3 ,9526.70000,Pfaffenhofen an der Ilm,XC-7
17,FE,665,L,17175.90000,Gondomar,APU-20
36,FD,666,L,27395.90000,Lestertown,APU-15
32,FD,667,1,8480.00000,Kennethchester,APU-20
86,FA,668,heavy,14522.60000,Heinsberg,APU-12
90,FA,669,heavy,12831.50000,Lambertside,XC-7
118,FE,670,3,10994.40000,Porto,APU-20
57,FC,671,N,7607.60000,Lake Timothyshire,APU-15
18,FD,672,L,17780.10000,Fürstenfeldbruck,APU-15
9,FB,673,1,13545.60000,Wolfratshausen,APU-15
23,FE,674,1,8202.40000,Dachau,XC-7
10,FA,675,1,23601.10000,Potsdam,APU-12
15,FA,676,light,12044.40000,Heinsberg,APU-15
23,FE,677,L,,Porto,XC-7
107,FA,678,heavy,22314.80000,Lake Timothyshire,APU-15
36,FE,679,L,,Wismar,APU-20
30,FD,680,1,7160.10000,Biedenkopf,XC-7
95,FC,681,H,4774.20000,New Jasonfort,XC-7
16,FE,682,1,9446.10000,Andrewberg,XC-7
114,FC,683,heavy,30827.90000,Lake Amandahaven,XC-7
118,FB,684,heavy,10772.80000,West Garyville,APU-20
37,FA,685,H,9142.80000,Barcelos,XC-7
25,FA,686,light,11447.50000,Lake Timothyshire,APU-15
110,FB,687,H,5871.10000,Vila Nova de Santo André,APU-12
74,FE,688,heavy,20713.60000,Lamego,APU-15
77,FD,689,2,5435.70000,Potsdam,APU-20
15,FC,690,L,37034.30000,Potsdam,APU-20
87,FB,691,heavy,23429.10000,Caldas da Rainha,APU-15
79,FB,692,N,10392.70000,Kassel,APU-20
13,FB,693,light,12716.20000,West Kayla,APU-20
109,FA,694,1,9067.70000,Crailsheim,APU-20
108,FD,695,H,7063.30000,Vendas Novas,XC-7
50,FA,696,2,12555.80000,Porto,APU-15
66,FD,697,N,5062.00000,Erkelenz,XC-7
96,FB,698,3,6712.60000,Lake Timothyshire,APU-12
83,FA,699,H,11408.50000,Quedlinburg,APU-15
11,FD,700,1,,Mealhada,APU-12
106,FC,701,med,10913.10000,Michelleport,APU-20
117,FE,702,heavy,12266.90000,Dachau,APU-12
42,FD,703,2,10603.80000,Michelleport,APU-20
68,FE,704,med,11801.70000,Biedenkopf,APU-20
15,FE,705,1,11123.80000,Christopherfurt,APU-15
11,FE,706,heavy,12745.80000,Mirandela,APU-20
97,FD,707, H ,,Großenhain,APU-20
107,FC,708, heavy ,9247.80000,Lake Amandahaven,APU-12
38,FB,709, L ,7988.30000,Bischofswerda,XC-7
54,FA,710, light ,13016.10000,Vendas Novas,APU-20
55,FC,711,1,24587.80000,Bad Liebenwerda,XC-7
9,FE,712,light,8626.10000,Michealside,APU-12
55,FB,713,2,8672.90000,Rathenow,APU-12
32,FE,714, light ,34393.30000,Vila Nova de Santo André,APU-20
31,FB,715,1,8297.30000,Mealhada,APU-15
66,FB,716,2,39141.50000,Caldas da Rainha,APU-20
45,FE,717,med,14779.60000,Lake Amandahaven,APU-20
62,FD,718,N,34595.10000,Lake Timothyshire,XC-7
30,FE,719,L,16939.00000,Sacavém,XC-7
25,FC,720,L,8100.10000,Stade,APU-20
33,FE,721,L,12662.90000,Vendas Novas,APU-20
32,FD,722,L,8127.70000,Mirandela,APU-12
21,FC,723,heavy,9783.30000,Lake Troy,XC-7
19,FB,724,L,20504.90000,Großenhain,APU-20
14,FB,725,light,4984.30000,Lamego,APU-12
61,FA,726,2,9001.20000,Amora,APU-12
55,FA,727,2,5241.90000,Esmoriz,APU-12
112,FD,728,3,20707.70000,Lake Timothyshire,XC-7
48,FE,729,N,11906.40000,Heinsberg,XC-7
18,FC,730,light,10257.50000,North Ronaldchester,APU-20
78,FE,731,2,,Meppen,XC-7
67,FD,732,med,9615.60000,West Kayla,APU-12
60,FB,733,med,7544.70000,Katherinechester,APU-20
34,FE,734,1,5036.50000,Anadia,APU-15
108,FB,735, H ,38611.70000,East Christopherhaven,XC-7
64,FE,736,med,10118.40000,Andrewberg,APU-20
11,FC,737,1,18715.00000,Biedenkopf,APU-20
73,FB,738,L,13037.50000,Biedenkopf,APU-15
15,FD,739,1,8325.00000,Jülich,APU-15
21,FE,740,L,24225.10000,Sacavém,APU-15
34,FC,741,light,11064.70000,Sacavém,APU-12
95,FE,742,L,,Beja,APU-12
79,FB,743,N,10926.60000,Großenhain,XC-7
119,FD,744,N,8099.20000,Lake Troy,APU-20
106,FA,745,light,36359.70000,Kennethchester,APU-12
21,FE,746,L,,Meppen,XC-7
119,FD,747, 3 ,6761.30000,Lambertside,APU-15
62,FC,748,2,10563.50000,Mealhada,XC-7
49,FC,749,N,12544.40000,Heinsberg,APU-15
81,FA,750,3,5127.90000,Mirandela,APU-12
28,FD,751, H ,21326.20000,Amora,XC-7
100,FD,752,3,29467.60000,Großenhain,APU-15
51,FA,753,normal,17587.30000,Kassel,APU-15
43,FC,754,N,6212.00000,West Garyville,APU-20
2,FC,755,L,19350.70000,Brooksside,APU-15
119,FA,756,L,10378.60000,Ermesinde,APU-12
70,FD,757,heavy,23364.90000,Wismar,APU-12
95,FC,758,3,12745.10000,Michelleport,APU-12
5,FE,759,1,24016.70000,Jülich,XC-7
74,FB,760,med,19535.30000,Mirandela,APU-20
9,FE,761,L,18880.20000,Meppen,APU-20
112,FD,762,H,33485.00000,Großenhain,APU-20
87,FA,763,3,15702.90000,Rathenow,APU-20
11,FD,764,light,4826.10000,Kennethchester,APU-15
72,FD,765,N,,Lestertown,APU-20
60,FA,766, N ,13467.20000,Lamego,APU-20
118,FB,767,H,25528.10000,West Garyville,APU-20
105,FD,768, 3 ,12980.90000,Güstrow,XC-7
19,FB,769,light,37596.80000,Bischofswerda,APU-20
75,FD,770,N,25377.80000,Ermesinde,XC-7
49,FC,771,med,31661.80000,Anadia,APU-15
50,FB,772,med,7099.40000,Wolfratshausen,APU-12
1,FC,773,light,25926.70000,Jülich,APU-12
110,FC,774,H,13964.70000,Heiligenstadt,APU-20
28,FA,775, light ,14612.50000,Lestertown,APU-20
43,FE,776,normal,5319.90000,New Carolineberg,XC-7
90,FB,777,med,24257.20000,Lestertown,APU-15
33,FC,778,L,23669.30000,New Carolineberg,APU-15
109,FA,779,3,3076.40000,Christopherfurt,XC-7
86,FE,780,N,6586.90000,Vendas Novas,APU-12
29,FA,781,light,8956.20000,New Jasonfort,APU-12
111,FE,782,normal,2402.70000,Jülich,XC-7
115,FA,783,H,5017.40000,Vila Franca de Xira,APU-15
12,FB,784, 1 ,28596.20000,Lake Timothyshire,APU-20
83,FC,785,H,6566.60000,Michealside,APU-15
117,FA,786,N,12829.30000,Vendas Novas,XC-7
3,FD,787,L,8523.50000,Sacavém,APU-12
26,FA,788, L ,8347.40000,Andrewberg,APU-15
19,FB,789,1,11425.10000,Lake Troy,XC-7
67,FB,790,N,21280.80000,Anadia,APU-20
30,FC,791,L,4551.90000,Stade,APU-15
89,FB,792,3,13983.20000,Katherinechester,APU-20
70,FE,793,med,6048.50000,Kennethchester,APU-20
104,FC,794, H ,9117.50000,Andrewberg,APU-20
68,FE,795, N ,24989.10000,Lake Timothyshire,APU-20
117,FD,796, 3 ,9393.20000,Seixal,APU-15
35,FC,797,L,6202.80000,Güstrow,APU-20
41,FE,798,normal,17292.70000,Lamego,APU-15
76,FB,799,1,18198.40000,East Christopherhaven,XC-7
45,FD,800,normal,,East Christopherhaven,APU-12
67,FD,801,3,9597.20000,West Kayla,XC-7
35,FA,802,normal,6944.60000,Bischofswerda,XC-7
113,FA,803,H,18801.60000,East Christopherhaven,XC-7
75,FD,804,1,8643.50000,Amora,XC-7
22,FC,805,1,28596.30000,Kassel,APU-20
34,FC,806,L,16899.60000,Potsdam,APU-12
4,FB,807,L,9070.60000,Rathenow,APU-20
32,FB,808,L,17084.40000,Vila Nova de Foz Côa,APU-20
57,FE,809,med,15540.20000,Brooksside,APU-20
33,FA,810,1,45000.00000,Gondomar,APU-15
10,FD,811, 1 ,11244.60000,West Garyville,APU-20
52,FD,812,2,9919.90000,West Garyville,APU-15
55,FC,813,normal,19456.40000,Quedlinburg,APU-15
33,FE,814,1,14666.20000,Quedlinburg,APU-20
21,FA,815,heavy,21067.00000,Seixal,APU-15
95,FE,816,H,,Potsdam,APU-15
66,FE,817,2,7686.50000,West Garyville,XC-7
36,FA,818,med,20182.80000,Amora,APU-15
24,FD,819,L,7519.50000,Sacavém,APU-15
74,FC,820,normal,9917.30000,Mealhada,APU-12
119,FC,821,H,3173.10000,Lake Troy,APU-12
101,FE,822, heavy ,8421.80000,North Ronaldchester,APU-12
98,FC,823, H ,26316.60000,Crailsheim,APU-15
21,FA,824,1,16694.40000,Porto,APU-15
38,FA,825,1,,West Kayla,APU-20
80,FE,826,heavy,8464.60000,Heinsberg,XC-7
110,FC,827,3,13634.80000,Quedlinburg,APU-15
21,FE,828,1,26284.00000,New Carolineberg,APU-15
17,FA,829,light,34775.30000,West Kayla,APU-12
73,FA,830,med,4583.30000,Meppen,APU-15
7,FB,831,1,9147.20000,Vila Nova de Santo André,XC-7
76,FD,832, 2 ,12531.30000,Dachau,APU-12
44,FE,833,normal,15672.70000,Seixal,APU-12
40,FB,834,normal,13530.50000,Dachau,APU-12
85,FB,835,3,15818.40000,Kassel,APU-12
15,FA,836,2,10247.70000,Caldas da Rainha,APU-15
27,FB,837,heavy,8689.50000,Lake Amandahaven,APU-12
99,FC,838,N,19176.70000,Vila Franca de Xira,APU-12
43,FB,839,normal,23484.90000,Michealside,XC-7
89,FC,840, N ,8505.50000,Rathenow,XC-7
22,FA,841,L,6667.90000,Gondomar,XC-7
27,FB,842,light,4662.10000,Sacavém,XC-7
94,FE,843,3,16267.80000,Rangelbury,APU-12
63,FB,844,2,11320.70000,Ermesinde,APU-15
82,FB,845,H,15725.40000,Andrewberg,APU-15
50,FB,846,normal,45000.00000,Pfaffenhofen an der Ilm,XC-7
20,FD,847,L,19012.30000,Pfaffenhofen an der Ilm,APU-20
84,FD,848, 3 ,14118.20000,Porto,APU-12
0,FB,849,1,5485.10000,New Carolineberg,APU-15
34,FB,850,L,25166.60000,Katherinechester,APU-12
12,FA,851,light,18719.30000,Lestertown,APU-12
39,FB,852,light,8515.90000,Meppen,APU-12
39,FD,853,light,4129.00000,Michealside,XC-7
71,FC,854,N,25112.90000,Esmoriz,XC-7
86,FB,855,L,9275.40000,Lake Timothyshire,XC-7
6,FD,856,1,8318.30000,West Garyville,APU-12
15,FD,857,light,10696.70000,Lake Amandahaven,APU-15
34,FE,858,1,19341.70000,Kennethchester,APU-20
67,FD,859,H,15874.30000,Barcelos,APU-20
25,FA,860, L ,18947.20000,Brooksside,APU-20
86,FB,861,heavy,4335.70000,Michelleport,APU-20
34,FE,862,2,17990.40000,West Garyville,APU-12
46,FA,863,N,3597.10000,Wolfratshausen,XC-7
79,FB,864,med,,Caldas da Rainha,XC-7
74,FC,865,med,19391.20000,Großenhain,APU-15
117,FB,866,3,9627.30000,Pfaffenhofen an der Ilm,APU-15
92,FE,867,3,3572.50000,Vila Nova de Santo André,XC-7
73,FD,868,N,18894.90000,Lambertside,APU-15
107,FA,869,H,15539.70000,North Ronaldchester,APU-12
76,FB,870,N,9529.60000,Vila Nova de Foz Côa,APU-20
114,FB,871,N,4471.10000,Potsdam,APU-15
108,FC,872, heavy ,,Caldas da Rainha,XC-7
33,FD,873,L,7059.20000,West Kayla,APU-12
6,FC,874, 1 ,18006.40000,Beja,XC-7
10,FA,875, light ,25224.90000,Vendas Novas,APU-20
36,FE,876,L,6180.50000,Jülich,XC-7
63,FD,877,light,8458.20000,West Kayla,APU-12
14,FA,878,L,5355.60000,Gondomar,XC-7
24,FC,879,1,6407.00000,Wismar,APU-12
61,FD,880,med,12618.00000,Lestertown,APU-12
17,FA,881,1,,Lake Amandahaven,APU-20
119,FC,882,3,3889.00000,Fürstenfeldbruck,APU-15
1,FD,883,L,10051.40000,Bischofswerda,APU-15
4,FA,884,light,9138.90000,Lambertside,APU-20
25,FD,885,L,29410.00000,Barcelos,APU-15
1,FB,886,L,24123.70000,Rathenow,XC-7
44,FE,887,med,7833.20000,West Garyville,XC-7
92,FA,888,H,33441.20000,Michealside,APU-12
95,FE,889,light,5167.50000,Großenhain,APU-15
50,FA,890,2,,Lake Timothyshire,APU-20
23,FB,891, L ,33452.90000,Porto,APU-15
66,FB,892, med ,6906.50000,New Jasonfort,APU-15
8,FD,893, 1 ,7884.50000,Kassel,APU-12
41,FE,894,med,6466.80000,Meppen,XC-7
43,FD,895, heavy ,14150.70000,Kassel,APU-20
22,FD,896,L,34865.40000,Heiligenstadt,APU-20
87,FB,897,N,7134.50000,Christopherfurt,XC-7
113,FE,898,heavy,8828.50000,Esmoriz,APU-12
30,FB,899, heavy ,7491.00000,Erkelenz,APU-15
119,FC,900,heavy,7213.30000,Dachau,APU-12
48,FB,901,2,14538.80000,Quedlinburg,APU-12
64,FA,902,N,15201.10000,Heiligenstadt,APU-12
40,FD,903, med ,18986.30000,Michealside,APU-20
5,FB,904,L,25116.10000,Lake Troy,APU-12
88,FB,905,heavy,24847.90000,Wismar,APU-12
87,FE,906,1,9534.50000,Brooksside,APU-15
97,FA,907,heavy,37640.80000,Caldas da Rainha,XC-7
77,FE,908,2,7954.20000,Brooksside,APU-12
93,FE,909,med,8654.30000,Dachau,APU-15
5,FE,910,light,13727.20000,Kennethchester,APU-15
57,FC,911,2,1884.20000,Mealhada,APU-20
102,FA,912,3,17553.10000,Erkelenz,APU-12
33,FC,913,1,20601.30000,Sacavém,APU-15
93,FC,914,L,7268.30000,Lestertown,APU-15
61,FA,915,N,3478.00000,Güstrow,APU-12
39,FD,916,1,11708.90000,Lambertside,APU-20
4,FA,917,light,10380.50000,Barcelos,APU-12
16,FB,918,light,21546.30000,East Christopherhaven,XC-7
27,FA,919,H,15123.60000,Stade,APU-15
1,FA,920,light,14613.10000,Kassel,XC-7
117,FE,921,H,12069.70000,New Carolineberg,APU-20
4,FD,922,L,8817.30000,Amora,XC-7
45,FB,923,normal,13230.10000,Brooksside,APU-12
98,FE,924,3,9620.90000,Gondomar,XC-7
15,FE,925,L,3237.00000,Lake Troy,APU-12
14,FD,926,light,8783.10000,Ermesinde,APU-20
29,FD,927,1,16351.00000,Bischofswerda,APU-15
6,FE,928,1,10106.80000,Ermesinde,XC-7
109,FA,929,heavy,9230.00000,Fürstenfeldbruck,APU-15
69,FC,930,2,20135.70000,Kassel,XC-7
92,FB,931,3,30249.10000,Barcelos,APU-20
102,FD,932,2,20134.90000,Anadia,XC-7
46,FC,933,N,19528.50000,Vila Nova de Foz Côa,XC-7
10,FB,934, light ,11769.60000,Beja,APU-15
14,FC,935, L ,,Esmoriz,XC-7
60,FA,936,2,5360.20000,Esmoriz,APU-15
63,FB,937,normal,12157.10000,New Jasonfort,APU-15
2,FB,938, 1 ,20641.30000,Michealside,APU-15
83,FD,939,H,11745.50000,Heinsberg,APU-20
98,FC,940, heavy ,9470.50000,Ermesinde,APU-12
113,FA,941, H ,24926.30000,Esmoriz,APU-12
68,FC,942, 2 ,10294.60000,Andrewberg,XC-7
106,FE,943,heavy,6775.80000,Ermesinde,XC-7
81,FD,944,3,9340.40000,Güstrow,APU-15
74,FC,945,N,6277.40000,Porto,XC-7
15,FA,946,1,5378.20000,New Carolineberg,XC-7
67,FC,947,med,14913.10000,Heinsberg,APU-20
51,FD,948,2,5864.40000,Quedlinburg,APU-15
14,FB,949,light,11574.10000,Andrewberg,APU-12
3,FE,950,L,7321.40000,East Christopherhaven,APU-12
46,FB,951,light,24610.90000,Heinsberg,APU-20
41,FA,952,N,4119.60000,Lake Troy,APU-20
79,FA,953,N,8744.60000,Vila Franca de Xira,XC-7
90,FC,954,2,20633.10000,Michelleport,APU-12
28,FC,955,light,10638.40000,Rangelbury,APU-12
85,FE,956,heavy,14702.50000,Esmoriz,APU-12
6,FB,957,L,16061.80000,New Jasonfort,XC-7
42,FB,958,1,16529.00000,Vendas Novas,APU-20
65,FB,959,normal,11408.30000,Lamego,XC-7
92,FC,960,heavy,11976.30000,West Kayla,APU-15
35,FB,961,L,8994.40000,Kennethchester,XC-7
54,FD,962,heavy,6691.30000,Mealhada,APU-12
72,FD,963,2,8485.50000,Potsdam,XC-7
44,FA,964,1,10655.20000,Crailsheim,APU-20
66,FB,965,med,11951.30000,Andrewberg,APU-12
60,FE,966,2,16154.10000,Quedlinburg,APU-15
119,FE,967,3,4517.10000,Michelleport,APU-20
21,FC,968,L,6653.20000,Esmoriz,APU-12
20,FC,969, normal ,18649.40000,Vila Nova de Foz Côa,APU-12
110,FA,970,heavy,9946.50000,Vila Nova de Foz Côa,XC-7
20,FC,971,1,10614.30000,Erkelenz,XC-7
79,FB,972,L,14665.30000,Vendas Novas,APU-15
1,FB,973, light ,7784.00000,Michelleport,APU-15
14,FA,974,1,,Vila Nova de Santo André,XC-7
29,FB,975,med,11802.40000,Lake Troy,APU-15
21,FC,976,L,12451.10000,Vila Nova de Foz Côa,APU-12
102,FA,977,3,,Rathenow,APU-20
95,FB,978,med,13320.90000,Wolfratshausen,APU-12
24,FB,979,1,34871.00000,West Kayla,APU-20
51,FB,980,L,9946.00000,Seixal,APU-20
88,FE,981, H ,10996.90000,Caldas da Rainha,XC-7
40,FA,982,2,5976.60000,Amora,APU-12
5,FC,983,light,,Brooksside,APU-20
22,FD,984,L,14794.30000,Dachau,XC-7
36,FE,985,1,44325.20000,Mealhada,APU-15
42,FC,986,med,16226.40000,Pfaffenhofen an der Ilm,APU-12
43,FE,987, med ,10592.30000,Esmoriz,APU-15
56,FD,988,1,7204.30000,Crailsheim,XC-7
64,FC,989,normal,9051.20000,Bad Liebenwerda,APU-20
46,FC,990,2,20401.80000,Kennethchester,APU-20
83,FE,991,H,11829.40000,Lake Amandahaven,APU-15
19,FE,992,L,3695.10000,Esmoriz,XC-7
97,FA,993,3,18048.60000,Lambertside,XC-7
110,FD,994,heavy,10683.30000,Michealside,APU-12
110,FC,995,3,4689.80000,North Ronaldchester,APU-12
55,FE,996,N,8904.10000,Güstrow,APU-20
78,FB,997,med,6483.60000,Barcelos,XC-7
57,FD,998,N,25662.20000,Caldas da Rainha,APU-15
4,FB,999, L ,13475.20000,North Ronaldchester,APU-12
99,FD,1000,2,12542.70000,Heiligenstadt,XC-7
72,FE,1001,2,4066.60000,Andrewberg,APU-20
69,FB,1002,1,9691.70000,Anadia,XC-7
78,FA,1003,normal,10166.80000,New Jasonfort,APU-20
40,FC,1004,normal,5742.60000,Ermesinde,XC-7
88,FD,1005,H,11694.30000,Bischofswerda,APU-20
52,FD,1006, H ,19345.80000,Sacavém,XC-7
26,FB,1007,light,8963.90000,Amora,XC-7
103,FB,1008,3,19887.50000,Brooksside,APU-20
1,FD,1009,L,4970.50000,Pfaffenhofen an der Ilm,APU-15
19,FE,1010,light,11216.70000,Wolfratshausen,APU-12
105,FD,1011, 3 ,15105.20000,East Christopherhaven,APU-12
67,FB,1012,N,19028.90000,Kassel,APU-15
69,FD,1013,med,7921.10000,Pfaffenhofen an der Ilm,APU-15
63,FD,1014,2,20033.00000,Güstrow,XC-7
1,FC,1015, 1 ,8805.40000,Amora,XC-7
8,FD,1016,2,12248.70000,Anadia,APU-20
88,FB,1017,3,20324.90000,Güstrow,APU-20
70,FB,1018,med,17883.10000,Anadia,APU-12
73,FC,1019,2,,Potsdam,APU-15
73,FD,1020,heavy,14024.50000,Seixal,APU-15
30,FB,1021,1,22369.70000,Andrewberg,APU-12
57,FA,1022,normal,11757.20000,Katherinechester,APU-20
83,FC,1023,H,6725.60000,Stade,APU-20
75,FC,1024,2,11635.00000,Großenhain,APU-12
34,FC,1025,L,15248.90000,Amora,APU-20
115,FB,1026,H,17914.50000,New Jasonfort,APU-20
7,FC,1027,L,32856.20000,North Ronaldchester,APU-12
30,FA,1028,1,5058.20000,Caldas da Rainha,APU-15
95,FB,1029,heavy,15761.50000,Amora,XC-7
117,FB,1030,H,8065.40000,East Christopherhaven,APU-20
10,FA,1031,L,26779.90000,Vila Franca de Xira,APU-20
58,FB,1032, light ,15738.90000,Kassel,XC-7
18,FC,1033,light,5574.00000,Crailsheim,APU-15
67,FD,1034,light,28476.50000,North Ronaldchester,APU-15
95,FC,1035,3,10595.90000,Seixal,XC-7
94,FD,1036, N ,7215.40000,Lake Troy,APU-12
56,FC,1037,3,4517.10000,West Garyville,APU-12
20,FB,1038,L,9541.50000,Lamego,APU-20
27,FB,1039,light,,Lake Troy,APU-20
69,FD,1040,2,5534.70000,Gondomar,XC-7
112,FA,1041,heavy,5044.70000,Lestertown,XC-7
19,FB,1042,light,37765.40000,Christopherfurt,XC-7
15,FE,1043,L,16059.60000,Andrewberg,XC-7
25,FD,1044,light,13431.30000,Lamego,XC-7
74,FC,1045,med,9738.00000,Caldas da Rainha,XC-7
64,FC,1046,med,17913.00000,Lestertown,APU-12
54,FC,1047,med,15151.10000,Erkelenz,APU-20
56,FC,1048,med,34949.20000,West Kayla,APU-15
8,FA,1049,light,4251.10000,Brooksside,APU-20
50,FD,1050,med,,Ermesinde,APU-12
9,FA,1051,2,19686.80000,Lake Amandahaven,APU-15
63,FC,1052,normal,16197.70000,Sacavém,APU-20
82,FC,1053,3,17900.00000,Crailsheim,APU-20
27,FB,1054,L,16653.00000,Lake Timothyshire,APU-20
102,FD,1055,heavy,4513.30000,Heinsberg,APU-12
12,FB,1056,L,7725.80000,Lambertside,APU-12
44,FB,1057,normal,21421.30000,Crailsheim,APU-20
16,FA,1058,1,9842.90000,Meppen,APU-15
3,FC,1059,N,10498.50000,Anadia,APU-15
59,FB,1060,N,13233.60000,Lake Timothyshire,XC-7
5,FB,1061,normal,5914.00000,Potsdam,APU-12
34,FE,1062,light,9653.40000,Lake Timothyshire,XC-7
37,FD,1063,1,13413.60000,Lake Amandahaven,XC-7
29,FA,1064,3,29259.00000,Lake Timothyshire,APU-15
99,FA,1065,heavy,7165.40000,Mealhada,APU-20
33,FD,1066,light,21797.80000,Heinsberg,APU-15
16,FB,1067,light,8743.50000,Biedenkopf,XC-7
65,FB,1068,normal,36689.50000,Caldas da Rainha,APU-12
25,FB,1069,light,16173.60000,Wismar,APU-12
69,FE,1070,med,13776.50000,Gondomar,APU-20
78,FA,1071,normal,14540.40000,Ermesinde,APU-20
4,FD,1072,L,10573.90000,Sacavém,APU-15
47,FA,1073,med,,Vila Nova de Santo André,APU-12
1,FD,1074, N ,45000.00000,Lambertside,XC-7
90,FD,1075,heavy,6110.60000,Anadia,APU-20
56,FA,1076,med,6322.30000,Christopherfurt,APU-20
67,FE,1077,N,7904.70000,Barcelos,APU-20
83,FE,1078,light,21053.20000,Vila Franca de Xira,APU-15
14,FA,1079,1,8625.90000,Heinsberg,APU-15
76,FD,1080,1,16746.10000,Caldas da Rainha,APU-15
96,FD,1081,heavy,7193.70000,Meppen,APU-15
13,FD,1082,light,6116.00000,Güstrow,XC-7
70,FC,1083,2,42520.70000,Güstrow,APU-15
20,FC,1084,light,,Erkelenz,APU-15
4,FA,1085,H,25278.40000,Kennethchester,APU-12
88,FE,1086,L,23421.60000,Lake Troy,APU-20
106,FD,1087,3,9824.20000,Esmoriz,APU-15
79,FB,1088,normal,7797.80000,Wolfratshausen,APU-12
36,FC,1089, N ,15063.80000,Michelleport,APU-15
36,FE,1090,L,4132.30000,Seixal,XC-7
63,FD,1091,med,15269.60000,West Kayla,APU-12
117,FC,1092,normal,,Vila Nova de Santo André,APU-12
81,FD,1093,heavy,13866.90000,Mirandela,APU-15
48,FA,1094,2,32884.90000,Crailsheim,APU-15
24,FE,1095,L,7591.70000,Vendas Novas,APU-12
91,FC,1096,H,20317.70000,Lestertown,APU-15
49,FE,1097, normal ,8705.20000,Vila Franca de Xira,APU-20
4,FB,1098,L,8661.60000,Lambertside,APU-20
73,FB,1099,normal,38259.70000,Lamego,APU-15
48,FC,1100,normal,15299.80000,Esmoriz,APU-15
57,FD,1101,2,18805.80000,Caldas da Rainha,APU-20
12,FB,1102,L,9187.20000,Lambertside,APU-15
18,FB,1103,heavy,7732.30000,Christopherfurt,APU-15
74,FA,1104, normal ,12741.20000,Quedlinburg,APU-15
48,FA,1105,med,6433.30000,Gondomar,APU-12
34,FB,1106,L,9575.00000,West Garyville,APU-12
76,FC,1107,N,10817.10000,Ermesinde,APU-12
64,FB,1108,N,8824.60000,Michelleport,APU-20
29,FB,1109,light,25270.20000,Heiligenstadt,APU-15
21,FE,1110,L,21720.80000,Erkelenz,APU-20
100,FA,1111,3,6587.20000,Stade,APU-12
64,FD,1112,med,28465.30000,Kennethchester,APU-15
24,FA,1113,light,13696.10000,Biedenkopf,XC-7
45,FA,1114,normal,28161.60000,Lambertside,APU-15
4,FC,1115,light,14359.90000,Biedenkopf,XC-7
98,FA,1116,normal,5373.00000,Lambertside,XC-7
1,FA,1117,L,,Gondomar,APU-20
49,FB,1118, med ,,Vendas Novas,APU-15
30,FC,1119,med,12950.40000,Großenhain,APU-20
91,FA,1120,H,12923.60000,New Jasonfort,APU-12
59,FD,1121,N,4832.20000,Vila Franca de Xira,APU-15
72,FE,1122,H,13164.60000,Güstrow,APU-12
27,FD,1123,1,14607.40000,Mealhada,APU-12
54,FD,1124,2,14799.90000,Wismar,XC-7
74,FE,1125,med,21434.20000,Heiligenstadt,APU-20
62,FE,1126,2,12701.40000,Lake Amandahaven,APU-15
63,FC,1127,normal,7083.50000,Lestertown,APU-15
73,FB,1128, N ,17092.20000,Lake Timothyshire,APU-12
77,FA,1129,2,19202.90000,Michealside,APU-15
18,FA,1130,L,20691.10000,Lake Timothyshire,APU-12
26,FE,1131,1,35309.20000,Brooksside,APU-12
70,FA,1132,H,7330.40000,Michelleport,XC-7
34,FB,1133,L,12003.50000,Mirandela,APU-20
29,FD,1134,normal,,Michealside,APU-15
70,FC,1135,normal,9374.50000,Lake Troy,XC-7
64,FB,1136,heavy,5421.40000,Crailsheim,XC-7
21,FB,1137,light,11112.80000,Dachau,APU-12
36,FA,1138,light,9804.80000,Güstrow,XC-7
53,FA,1139,med,12257.40000,East Christopherhaven,APU-20
73,FD,1140,med,7986.00000,North Ronaldchester,XC-7
91,FE,1141,heavy,10861.60000,Bad Liebenwerda,XC-7
74,FD,1142,light,4503.00000,West Kayla,XC-7
66,FB,1143,normal,9773.50000,Lamego,XC-7
60,FA,1144,normal,37991.10000,Mealhada,APU-15
28,FA,1145, normal ,5373.70000,Michelleport,APU-20
100,FA,1146,heavy,7386.40000,Potsdam,APU-15
69,FC,1147,2,17003.00000,West Kayla,APU-12
30,FC,1148,med,17356.20000,Rathenow,APU-12
81,FA,1149,H,5806.30000,Lake Amandahaven,APU-12
0,FA,1150,light,6062.90000,Seixal,XC-7
32,FA,1151,L,10794.10000,New Carolineberg,APU-12
12,FD,1152,light,9441.10000,Anadia,APU-15
67,FE,1153, 2 ,17648.70000,Gondomar,APU-12
93,FA,1154,heavy,5638.30000,Lake Amandahaven,APU-20
60,FB,1155,med,41184.40000,Katherinechester,APU-15
66,FB,1156,N,10009.20000,Vendas Novas,APU-20
85,FB,1157,N,29656.20000,Brooksside,APU-20
48,FC,1158,2,45000.00000,Biedenkopf,APU-12
29,FB,1159,H,7954.80000,Anadia,APU-20
15,FA,1160,1,6334.70000,Vila Franca de Xira,APU-12
1,FC,1161,1,5053.80000,Biedenkopf,APU-20
31,FB,1162,L,10498.80000,Sacavém,APU-15
16,FE,1163,L,12034.30000,Vila Nova de Foz Côa,APU-20
113,FA,1164,3,25623.40000,Kennethchester,XC-7
105,FE,1165,H,17820.30000,West Kayla,XC-7
102,FA,1166, H ,15714.00000,Kassel,APU-20
34,FE,1167,light,33060.60000,Ermesinde,APU-12
60,FB,1168,N,24007.40000,Meppen,XC-7
11,FD,1169,1,8335.80000,Erkelenz,APU-12
67,FA,1170,normal,14303.30000,Rathenow,APU-15
56,FC,1171, 2 ,15301.50000,West Garyville,APU-20
2,FA,1172, light ,9517.50000,Crailsheim,APU-15
106,FE,1173,3,21779.90000,Lake Troy,APU-15
20,FD,1174,light,24559.10000,Großenhain,APU-12
65,FC,1175,med,9817.10000,Pfaffenhofen an der Ilm,APU-15
53,FA,1176,N,9042.40000,West Garyville,APU-12
9,FB,1177,L,7807.20000,New Carolineberg,APU-20
100,FE,1178,med,10393.10000,Lestertown,APU-12
10,FC,1179,L,13171.40000,Sacavém,APU-12
65,FC,1180,2,12310.70000,Lake Timothyshire,APU-15
101,FB,1181, H ,5639.40000,Christopherfurt,XC-7
35,FC,1182,light,14670.60000,Lake Amandahaven,XC-7
78,FC,1183,med,19284.50000,Amora,APU-12
18,FA,1184,light,37553.20000,Fürstenfeldbruck,XC-7
87,FE,1185,1,6080.50000,Meppen,APU-12
23,FE,1186,1,9041.80000,Beja,APU-20
28,FE,1187,L,,Wismar,APU-20
116,FA,1188,L,14131.20000,New Carolineberg,APU-12
67,FC,1189,H,9730.20000,Potsdam,APU-15
5,FA,1190, L ,21844.90000,Anadia,APU-15
64,FD,1191,med,4816.10000,Stade,XC-7
112,FD,1192,3,15513.00000,Rangelbury,APU-12
118,FC,1193,2,14795.50000,Rangelbury,APU-12
37,FC,1194,L,9526.40000,Mirandela,APU-15
34,FB,1195,2,8527.90000,Biedenkopf,APU-12
33,FB,1196,L,40302.60000,Rathenow,APU-12
44,FA,1197,normal,5613.30000,Mirandela,APU-12
8,FC,1198,L,2573.10000,Wismar,APU-15
47,FB,1199,N,45000.00000,Wolfratshausen,APU-20
106,FD,1200, 3 ,45000.00000,Seixal,APU-15
78,FE,1201,normal,10246.20000,Brooksside,APU-20
69,FA,1202,1,10044.60000,Mealhada,APU-20
90,FE,1203,3,19144.10000,Bischofswerda,APU-12
71,FE,1204,normal,8769.50000,Anadia,XC-7
29,FE,1205,L,20218.60000,Kennethchester,APU-12
103,FD,1206, 3 ,10397.60000,Caldas da Rainha,XC-7
32,FA,1207,normal,5644.50000,Fürstenfeldbruck,APU-15
59,FE,1208,normal,14871.80000,Esmoriz,APU-12
75,FA,1209,normal,10628.40000,Brooksside,APU-15
3,FC,1210,L,19422.70000,Rathenow,APU-20
15,FD,1211,1,12124.80000,Ermesinde,APU-12
45,FB,1212,2,9751.90000,Lamego,APU-20
20,FC,1213,light,12003.40000,Vila Franca de Xira,APU-20
79,FA,1214,light,19402.10000,Barcelos,APU-12
36,FD,1215,light,10855.10000,Katherinechester,XC-7
26,FC,1216,L,7282.90000,Michelleport,APU-15
43,FA,1217,N,9766.40000,Vila Franca de Xira,APU-20
41,FB,1218,normal,36456.30000,Michealside,XC-7
82,FC,1219,1,9930.10000,Kassel,XC-7
26,FA,1220, 1 ,17680.90000,Ermesinde,APU-20
10,FD,1221,3,13633.70000,Quedlinburg,APU-15
63,FE,1222,N,6728.00000,West Kayla,APU-12
116,FC,1223,N,6381.70000,Caldas da Rainha,APU-20
10,FB,1224,L,8614.60000,Meppen,XC-7
34,FB,1225,1,8871.00000,Beja,APU-20
61,FC,1226,2,13838.00000,East Christopherhaven,XC-7
78,FA,1227,normal,6911.10000,Seixal,APU-15
109,FD,1228,H,7315.40000,Katherinechester,APU-12
80,FE,1229,heavy,17858.40000,Dachau,XC-7
59,FE,1230,2,15198.80000,Großenhain,APU-12
114,FD,1231,1,13764.40000,Kassel,XC-7
40,FE,1232,med,45000.00000,Andrewberg,APU-12
29,FC,1233,2,13250.00000,Vila Franca de Xira,APU-20
88,FC,1234,heavy,7534.30000,Beja,APU-20
62,FB,1235,3,10789.30000,Beja,APU-12
74,FE,1236,L,19318.00000,Jülich,APU-12
39,FE,1237,light,5635.50000,Quedlinburg,APU-12
37,FC,1238,1,8206.80000,Heinsberg,XC-7
2,FD,1239,light,45000.00000,Pfaffenhofen an der Ilm,XC-7
78,FA,1240,2,22474.70000,Pfaffenhofen an der Ilm,APU-12
28,FC,1241,L,12974.20000,Lake Troy,APU-20
29,FC,1242,1,23989.50000,Lake Troy,APU-20
53,FD,1243,med,20572.20000,New Jasonfort,APU-12
0,FC,1244,1,12939.50000,West Kayla,APU-20
100,FA,1245,3,,Katherinechester,APU-15
10,FD,1246,L,4273.80000,Jülich,APU-20
58,FB,1247,med,17239.50000,Sacavém,XC-7
98,FA,1248, heavy ,9791.80000,Ermesinde,APU-12
33,FA,1249,N,11353.70000,Crailsheim,APU-12
40,FC,1250,2,5480.30000,Stade,APU-12
28,FA,1251,light,6281.90000,Großenhain,XC-7
99,FD,1252,3,20905.70000,Lambertside,APU-20
43,FB,1253,med,21902.50000,Güstrow,APU-12
69,FD,1254, 2 ,,Wolfratshausen,APU-20
43,FB,1255,2,20047.30000,Dachau,APU-20
64,FA,1256,heavy,16437.50000,Caldas da Rainha,APU-15
1,FE,1257,L,31753.10000,Rathenow,XC-7
16,FE,1258,1,21855.30000,Potsdam,APU-20
115,FD,1259,med,7672.80000,Beja,APU-15
10,FA,1260,light,13906.10000,Quedlinburg,APU-15
94,FE,1261,3,1938.10000,Mirandela,APU-20
32,FE,1262,1,16902.20000,Brooksside,APU-20
92,FD,1263,L,7864.10000,Kassel,XC-7
51,FA,1264,heavy,14124.40000,Christopherfurt,APU-15
0,FB,1265, light ,5515.10000,Rangelbury,APU-15
48,FB,1266,N,5746.70000,Heiligenstadt,XC-7
80,FC,1267, H ,6517.60000,East Christopherhaven,APU-12
34,FD,1268,1,15752.90000,Bad Liebenwerda,XC-7
28,FD,1269,L,10923.20000,Biedenkopf,APU-12
79,FC,1270, N ,,East Christopherhaven,APU-20
64,FC,1271,N,5960.10000,Bad Liebenwerda,XC-7
50,FD,1272,normal,9808.30000,Crailsheim,APU-15
115,FE,1273,heavy,8444.50000,Wolfratshausen,APU-20
110,FE,1274,heavy,14279.10000,Anadia,APU-20
74,FE,1275,normal,6657.50000,Rathenow,XC-7
72,FB,1276,normal,31178.30000,Pfaffenhofen an der Ilm,APU-12
61,FE,1277,N,3816.60000,Caldas da Rainha,APU-20
37,FA,1278,1,12387.50000,Kennethchester,XC-7
70,FC,1279,L,10689.40000,Vendas Novas,XC-7
24,FB,1280,1,5336.60000,Vila Nova de Foz Côa,APU-12
99,FB,1281,2,23987.40000,East Christopherhaven,APU-20
15,FB,1282,N,7211.10000,Wismar,APU-20
67,FC,1283,2,7777.50000,Lake Amandahaven,APU-15
69,FB,1284,N,22148.80000,Wolfratshausen,APU-15
23,FD,1285,1,20535.70000,Mirandela,APU-12
116,FE,1286, H ,13397.00000,Güstrow,APU-12
12,FC,1287,light,5938.90000,Heinsberg,XC-7
86,FE,1288,heavy,19718.10000,Großenhain,XC-7
73,FC,1289,med,22317.10000,Mirandela,APU-12
10,FD,1290,L,9004.40000,Andrewberg,XC-7
96,FA,1291,N,24793.60000,Lake Amandahaven,XC-7
25,FD,1292,light,14729.60000,New Jasonfort,XC-7
39,FD,1293,1,13414.50000,Vila Franca de Xira,APU-12
64,FB,1294,normal,12474.10000,Andrewberg,APU-12
99,FC,1295,heavy,33370.90000,Ermesinde,XC-7
9,FC,1296,1,13097.00000,Erkelenz,XC-7
78,FC,1297,N,13002.40000,Meppen,XC-7
17,FB,1298,light,10069.30000,Erkelenz,XC-7
43,FE,1299,1,7353.80000,Seixal,APU-12
52,FA,1300,3,6326.60000,Heiligenstadt,XC-7
29,FC,1301,light,5844.20000,Erkelenz,XC-7
35,FE,1302,1,8824.60000,Biedenkopf,APU-20
104,FE,1303,heavy,11551.30000,Caldas da Rainha,APU-20
49,FC,1304,2,13400.20000,Potsdam,XC-7
108,FC,1305,light,9581.80000,Stade,APU-12
50,FB,1306,N,42724.40000,Vila Nova de Santo André,XC-7
105,FC,1307, 3 ,5968.50000,Lake Troy,APU-15
45,FA,1308,N,,Güstrow,APU-15
51,FB,1309,normal,6025.70000,Brooksside,APU-20
2,FB,1310,1,15683.20000,Sacavém,XC-7
51,FC,1311,2,45000.00000,Michelleport,XC-7
99,FA,1312, heavy ,5907.80000,Meppen,APU-15
92,FC,1313,3,5196.50000,Crailsheim,APU-15
41,FD,1314,N,18119.30000,Vila Nova de Foz Côa,APU-12
6,FB,1315,L,21612.10000,Güstrow,APU-20
59,FC,1316,med,12178.10000,Lake Amandahaven,APU-15
26,FB,1317,1,6704.10000,Michelleport,APU-20
60,FA,1318,2,12875.60000,Michelleport,APU-15
72,FB,1319, N ,10607.70000,Michelleport,XC-7
83,FC,1320,heavy,13670.90000,West Garyville,APU-12
56,FD,1321, heavy ,5886.00000,Vila Nova de Santo André,APU-20
39,FE,1322,1,20347.30000,West Kayla,APU-12
106,FD,1323,3,6916.50000,Gondomar,APU-20
52,FA,1324,med,29776.20000,Lake Timothyshire,XC-7
17,FD,1325,1,6405.60000,Heinsberg,APU-20
0,FB,1326,L,24753.50000,Heiligenstadt,XC-7
42,FE,1327,3,40522.50000,Jülich,XC-7
118,FA,1328,3,5905.80000,Crailsheim,APU-20
114,FB,1329,heavy,10666.20000,Lake Troy,APU-12
39,FB,1330,L,10581.30000,Brooksside,XC-7
36,FE,1331,light,25488.40000,Sacavém,XC-7
101,FA,1332,3,18909.80000,Großenhain,APU-12
30,FC,1333,light,8370.10000,West Garyville,APU-12
86,FA,1334,heavy,22417.60000,Vila Nova de Foz Côa,APU-20
37,FE,1335,1,9741.90000,Kennethchester,APU-12
5,FD,1336,L,9664.20000,Vila Nova de Santo André,APU-20
9,FB,1337,L,16811.30000,Sacavém,APU-15
60,FD,1338,N,6932.90000,Vila Franca de Xira,APU-15
31,FD,1339,light,18641.20000,Rathenow,APU-20
20,FD,1340,light,10770.50000,Erkelenz,APU-20
71,FE,1341,N,13316.50000,Pfaffenhofen an der Ilm,APU-12
53,FB,1342,light,8032.80000,West Garyville,APU-15
84,FB,1343,H,16939.80000,Beja,XC-7
65,FA,1344,N,18300.70000,North Ronaldchester,XC-7
19,FD,1345,L,10383.10000,Michealside,APU-15
1,FE,1346, heavy ,16352.60000,North Ronaldchester,APU-20
51,FD,1347,L,23849.60000,Lamego,XC-7
84,FE,1348,3,6142.70000,Quedlinburg,APU-20
98,FC,1349,heavy,11556.50000,West Kayla,XC-7
1,FD,1350,1,9523.20000,Porto,XC-7
78,FB,1351,normal,8010.20000,Anadia,APU-12
3,FE,1352,1,13265.90000,East Christopherhaven,APU-20
68,FE,1353,normal,16323.30000,Vila Nova de Foz Côa,APU-12
16,FB,1354,L,8834.30000,North Ronaldchester,APU-20
111,FD,1355,3,13275.70000,Crailsheim,APU-12
43,FE,1356,normal,22650.60000,Barcelos,XC-7
61,FB,1357,normal,8131.30000,Vila Franca de Xira,XC-7
12,FD,1358,light,9346.40000,Pfaffenhofen an der Ilm,APU-20
9,FB,1359,L,18244.00000,East Christopherhaven,APU-12
19,FD,1360,L,26107.10000,North Ronaldchester,APU-15
27,FA,1361,L,21051.60000,Katherinechester,APU-12
107,FA,1362,3,7691.70000,Güstrow,APU-15
71,FA,1363,N,10062.20000,Rangelbury,APU-20
86,FE,1364,H,5324.30000,Pfaffenhofen an der Ilm,APU-20
11,FB,1365,light,17130.60000,Großenhain,XC-7
62,FE,1366,heavy,45000.00000,Lake Timothyshire,APU-15
94,FE,1367,3,4673.80000,Beja,XC-7
83,FA,1368,normal,22988.40000,Bischofswerda,XC-7
26,FB,1369,light,7964.60000,Jülich,APU-15
36,FD,1370,L,31031.50000,Beja,XC-7
68,FC,1371, med ,7509.30000,Porto,APU-12
73,FD,1372,L,9370.10000,Lamego,APU-20
78,FB,1373,2,39900.20000,Lake Timothyshire,XC-7
62,FD,1374,light,9006.90000,Vila Nova de Foz Côa,APU-15
109,FD,1375,H,8495.30000,Vila Franca de Xira,APU-20
67,FB,1376, N ,11369.20000,Brooksside,XC-7
9,FB,1377,2,13910.50000,Ermesinde,APU-12
58,FC,1378,2,15599.70000,Biedenkopf,APU-12
58,FE,1379,N,5933.20000,Dachau,APU-20
102,FA,1380,normal,7951.50000,Gondomar,APU-20
71,FC,1381,med,9644.90000,Heinsberg,XC-7
95,FA,1382,normal,13493.60000,Jülich,APU-20
100,FC,1383,heavy,5737.60000,Gondomar,APU-20
6,FE,1384,normal,11948.10000,Lake Amandahaven,APU-12
18,FB,1385,L,17351.20000,Michealside,XC-7
110,FE,1386,1,6090.80000,Vila Franca de Xira,APU-15
97,FA,1387,N,13444.60000,Güstrow,XC-7
74,FD,1388,N,13233.50000,Crailsheim,APU-20
71,FD,1389,N,42535.00000,Amora,XC-7
95,FC,1390, N ,7935.90000,Mirandela,XC-7
103,FB,1391,heavy,8370.70000,Bischofswerda,APU-12
13,FA,1392,L,9522.20000,Großenhain,APU-20
26,FD,1393,light,8482.40000,Gondomar,APU-20
47,FE,1394,normal,10115.80000,Vila Nova de Foz Côa,APU-20
58,FC,1395, light ,13233.20000,Mirandela,XC-7
77,FC,1396,normal,5441.20000,Vila Franca de Xira,APU-12
92,FC,1397,3,21257.20000,Lambertside,APU-15
73,FC,1398,1,5231.80000,Vendas Novas,XC-7
38,FE,1399,H,10394.30000,Vila Franca de Xira,APU-12
56,FB,1400,med,21636.70000,Caldas da Rainha,APU-12
42,FE,1401,med,,Katherinechester,APU-20
33,FB,1402,1,31151.30000,Vendas Novas,XC-7
29,FE,1403, 1 ,11856.20000,Kennethchester,APU-20
20,FC,1404,light,16208.00000,Pfaffenhofen an der Ilm,APU-12
88,FA,1405,H,7988.20000,Meppen,XC-7
64,FC,1406,normal,39421.10000,Vendas Novas,APU-20
90,FB,1407,3,6069.00000,Caldas da Rainha,APU-20
33,FE,1408,L,11788.00000,North Ronaldchester,APU-15
51,FC,1409,light,21581.30000,East Christopherhaven,APU-12
33,FC,1410,L,4467.90000,Seixal,APU-20
77,FD,1411,normal,8969.20000,Bischofswerda,APU-15
35,FA,1412,light,20389.60000,Meppen,APU-15
46,FB,1413,2,11920.10000,Lake Troy,XC-7
28,FD,1414,light,8836.80000,West Kayla,APU-15
14,FD,1415,3,14644.30000,Gondomar,APU-12
98,FB,1416,3,13297.90000,Vila Franca de Xira,XC-7
55,FD,1417,normal,7542.40000,Bischofswerda,APU-15
68,FD,1418,med,9107.60000,Stade,APU-12
21,FB,1419,L,12595.00000,West Garyville,APU-15
48,FB,1420,normal,9721.10000,Mirandela,APU-12
7,FC,1421,light,15185.60000,Heinsberg,APU-12
18,FB,1422,H,5200.20000,West Garyville,APU-20
35,FA,1423,light,15545.20000,New Jasonfort,XC-7
23,FC,1424,H,20416.50000,Lamego,APU-12
52,FA,1425,2,8935.00000,Beja,APU-20
60,FA,1426,heavy,3778.10000,Rangelbury,APU-12
115,FB,1427,3,19323.10000,Erkelenz,XC-7
68,FA,1428,med,6140.90000,Lambertside,APU-15
34,FE,1429,1,4708.60000,Wismar,APU-12
95,FA,1430,3,13286.80000,Rathenow,APU-15
27,FD,1431,1,13034.30000,Wismar,APU-12
61,FD,1432,normal,20099.50000,Crailsheim,XC-7
54,FD,1433,med,4496.10000,Andrewberg,APU-12
49,FB,1434,N,7171.70000,Fürstenfeldbruck,APU-20
71,FE,1435,med,6364.70000,Esmoriz,APU-15
57,FC,1436,med,9815.80000,Heinsberg,APU-12
55,FA,1437, 2 ,33095.00000,Lestertown,APU-12
4,FE,1438,L,9971.20000,New Carolineberg,APU-20
89,FB,1439,light,3611.10000,Pfaffenhofen an der Ilm,APU-15
38,FE,1440,L,45000.00000,Stade,APU-15
7,FE,1441,L,,Rathenow,APU-12
70,FC,1442,N,6001.80000,North Ronaldchester,APU-20
32,FE,1443,1,20311.30000,Großenhain,XC-7
16,FD,1444,L,5007.90000,Porto,APU-15
77,FD,1445,med,7056.80000,West Garyville,APU-12
29,FC,1446,1,26620.50000,Christopherfurt,APU-12
96,FA,1447,heavy,2860.00000,Anadia,APU-15
6,FB,1448, L ,20093.00000,Brooksside,APU-15
4,FC,1449,heavy,8429.70000,West Garyville,APU-20
77,FD,1450,2,14079.20000,Jülich,APU-15
9,FE,1451,1,7905.20000,Heinsberg,APU-12
64,FB,1452,normal,45000.00000,Crailsheim,XC-7
38,FE,1453, 1 ,,Güstrow,APU-15
104,FE,1454,L,7459.20000,New Jasonfort,XC-7
58,FC,1455, N ,17338.60000,Pfaffenhofen an der Ilm,XC-7
83,FE,1456,3,16224.40000,Beja,APU-20
34,FA,1457,N,,Stade,APU-20
42,FA,1458,N,10072.70000,Seixal,XC-7
40,FB,1459,N,24573.00000,Esmoriz,XC-7
86,FE,1460,H,7508.40000,Rathenow,APU-12
78,FC,1461,normal,,Großenhain,XC-7
117,FE,1462,H,7343.70000,Bischofswerda,APU-20
99,FB,1463,heavy,14329.20000,Ermesinde,APU-20
89,FE,1464,heavy,11758.00000,Stade,APU-12
54,FD,1465,N,23643.30000,Brooksside,XC-7
8,FB,1466,med,11047.10000,Lake Troy,APU-20
22,FB,1467, L ,33622.80000,Bad Liebenwerda,APU-15
51,FE,1468,med,20844.00000,West Kayla,APU-15
54,FA,1469,med,19779.30000,Crailsheim,APU-12
115,FE,1470,med,7361.70000,Fürstenfeldbruck,XC-7
63,FD,1471,H,6537.70000,Heinsberg,APU-12
40,FD,1472,2,19686.40000,North Ronaldchester,XC-7
100,FA,1473, light ,10001.30000,West Kayla,APU-12
110,FB,1474, N ,4366.60000,Lambertside,APU-12
41,FB,1475,heavy,,Lake Amandahaven,XC-7
66,FE,1476,med,18880.70000,Beja,APU-12
77,FC,1477,med,4596.60000,Heiligenstadt,APU-20
79,FB,1478,L,17340.10000,Potsdam,APU-15
18,FD,1479,light,22804.00000,Michelleport,APU-20
64,FE,1480,2,17333.50000,Lake Amandahaven,APU-15
36,FA,1481,1,11179.50000,Bad Liebenwerda,XC-7
35,FD,1482,light,10820.90000,Vila Nova de Santo André,APU-12
22,FC,1483,1,21866.00000,Ermesinde,APU-12
39,FD,1484,light,3064.90000,New Jasonfort,APU-12
7,FE,1485,light,5996.50000,New Jasonfort,APU-20
65,FA,1486,2,28961.40000,Jülich,APU-15
3,FE,1487,light,4579.90000,Vila Nova de Santo André,APU-15
52,FA,1488,2,7707.20000,Fürstenfeldbruck,APU-12
78,FA,1489,2,20543.70000,Mirandela,APU-15
4,FB,1490,L,8452.80000,Jülich,APU-15
54,FD,1491,light,14110.30000,Caldas da Rainha,APU-12
18,FA,1492,L,,Lambertside,APU-12
18,FC,1493,L,28294.40000,Fürstenfeldbruck,APU-15
44,FC,1494,heavy,12213.80000,Vendas Novas,XC-7
2,FE,1495,H,12455.50000,Bischofswerda,XC-7
0,FE,1496,1,12883.30000,Beja,APU-20
65,FA,1497, 2 ,15567.20000,Lestertown,APU-20
39,FA,1498, 2 ,8340.40000,Quedlinburg,APU-15
54,FA,1499, 2 ,6195.40000,Caldas da Rainha,APU-20
24,FB,1500, L ,17999.50000,Biedenkopf,XC-7
69,FB,1501,normal,7589.90000,Brooksside,APU-12
27,FD,1502,L,12473.80000,Seixal,APU-20
15,FD,1503,L,7383.50000,Caldas da Rainha,APU-15
78,FB,1504,normal,18896.80000,Heiligenstadt,APU-12
111,FC,1505,heavy,17543.50000,North Ronaldchester,APU-15
72,FA,1506,1,7928.40000,Esmoriz,APU-12
43,FA,1507, med ,11889.90000,Anadia,XC-7
36,FA,1508, 1 ,16428.60000,Mealhada,APU-20
107,FC,1509,H,24074.90000,Großenhain,XC-7
59,FB,1510,2,27763.10000,North Ronaldchester,APU-20
56,FB,1511,N,5063.80000,Mirandela,APU-15
8,FB,1512,normal,10454.10000,Michelleport,APU-12
110,FD,1513,H,12492.60000,Amora,APU-15
23,FC,1514,light,23038.40000,Meppen,XC-7
90,FE,1515,N,30961.00000,Mealhada,APU-15
9,FA,1516,light,17705.00000,Mirandela,APU-20
19,FD,1517,light,5691.30000,Erkelenz,APU-20
4,FD,1518,1,23826.80000,Brooksside,XC-7
54,FA,1519,N,,Crailsheim,APU-12
107,FD,1520, heavy ,18746.20000,Lamego,APU-12
31,FA,1521,1,15416.80000,Beja,APU-15
27,FE,1522,med,5914.00000,East Christopherhaven,APU-20
88,FD,1523,heavy,4639.60000,Rangelbury,APU-15
69,FC,1524, 1 ,13661.10000,Rathenow,APU-12
17,FE,1525,normal,12026.40000,Pfaffenhofen an der Ilm,APU-12
32,FD,1526,1,20107.10000,Christopherfurt,APU-20
54,FC,1527,normal,6528.90000,Quedlinburg,XC-7
75,FB,1528,2,13926.20000,Lake Troy,APU-20
61,FB,1529,normal,16833.40000,Lambertside,XC-7
99,FD,1530,heavy,7779.00000,Amora,APU-20
34,FC,1531,light,13234.20000,Lake Troy,APU-20
100,FD,1532,H,6016.90000,Amora,XC-7
35,FE,1533, 1 ,8512.50000,Vendas Novas,APU-15
66,FB,1534, normal ,7303.60000,Anadia,APU-15
12,FC,1535,light,23452.80000,Anadia,APU-20
75,FB,1536,H,9615.40000,Gondomar,APU-15
52,FC,1537,med,7831.20000,Rathenow,APU-12
73,FD,1538, med ,28797.80000,Amora,APU-12
69,FB,1539,med,8666.30000,Lamego,APU-12
96,FC,1540,1,3963.40000,Güstrow,APU-20
57,FE,1541,2,5887.90000,Biedenkopf,APU-20
119,FE,1542,L,21061.80000,Christopherfurt,APU-15
34,FB,1543,L,11449.50000,Wismar,APU-20
105,FE,1544,H,19833.00000,Meppen,APU-20
59,FB,1545,2,11681.30000,West Kayla,XC-7
1,FA,1546,light,13877.60000,Heinsberg,XC-7
56,FC,1547, normal ,15380.50000,Potsdam,APU-15
99,FA,1548,3,6662.60000,Esmoriz,APU-20
2,FA,1549,light,7844.30000,Andrewberg,APU-12
108,FC,1550,H,7121.30000,Jülich,APU-12
36,FC,1551,med,11199.80000,Großenhain,APU-20
57,FE,1552, normal ,21933.30000,Quedlinburg,APU-15
22,FD,1553,med,,Katherinechester,APU-20
88,FC,1554,1,17213.30000,Potsdam,XC-7
63,FD,1555,med,7991.90000,Sacavém,APU-15
100,FB,1556, 2 ,5632.70000,Brooksside,APU-12
67,FC,1557,2,10524.00000,Porto,APU-20
6,FA,1558, 1 ,14439.40000,Vila Nova de Santo André,APU-20
25,FA,1559,light,7703.90000,Vendas Novas,XC-7
110,FB,1560,heavy,9892.80000,Caldas da Rainha,XC-7
74,FD,1561,med,17691.20000,Quedlinburg,APU-12
21,FB,1562,L,15831.10000,Lamego,APU-20
7,FB,1563,light,9622.50000,Anadia,APU-20
17,FC,1564, L ,6318.60000,Katherinechester,APU-12
74,FA,1565,med,13765.70000,Seixal,XC-7
51,FE,1566,med,6965.10000,Vila Nova de Santo André,XC-7
79,FE,1567,N,21694.20000,Vila Nova de Foz Côa,APU-20
70,FB,1568,normal,18851.50000,Lambertside,APU-12
34,FB,1569,H,14000.70000,Vila Franca de Xira,APU-12
102,FC,1570,H,30493.80000,Kennethchester,XC-7
53,FD,1571,2,13327.80000,Esmoriz,APU-20
23,FB,1572,1,4180.90000,Rathenow,XC-7
31,FE,1573,normal,24520.00000,Wismar,XC-7
6,FA,1574,1,11049.40000,Porto,APU-12
43,FD,1575,L,8407.70000,East Christopherhaven,XC-7
45,FE,1576,N,16933.90000,Vendas Novas,APU-12
18,FD,1577,light,22077.40000,West Garyville,APU-15
66,FB,1578, med ,8951.40000,Lambertside,APU-15
101,FD,1579,H,9747.80000,Quedlinburg,APU-20
4,FC,1580,1,,Güstrow,APU-20
114,FD,1581,H,17382.50000,Vila Nova de Santo André,APU-15
75,FB,1582,light,19597.20000,Stade,APU-15
85,FA,1583,H,9672.00000,Heinsberg,APU-20
113,FD,1584, H ,21604.10000,Michelleport,APU-15
2,FB,1585,L,43408.50000,Crailsheim,XC-7
49,FC,1586,H,,Beja,APU-15
106,FB,1587,H,11051.60000,Lake Amandahaven,XC-7
0,FB,1588,L,6409.40000,Jülich,APU-12
8,FE,1589,light,5505.30000,Kennethchester,APU-20
26,FB,1590,H,12269.60000,Wolfratshausen,APU-12
103,FD,1591,heavy,17861.70000,Sacavém,APU-12
82,FE,1592,H,3593.40000,Heiligenstadt,APU-20
97,FC,1593,3,22849.80000,Lamego,APU-20
81,FA,1594,3,17981.50000,Großenhain,APU-15
74,FE,1595,med,2796.10000,Rathenow,APU-15
60,FE,1596,2,10326.50000,Biedenkopf,APU-20
7,FC,1597,light,,Wismar,APU-20
2,FE,1598,light,11362.10000,Potsdam,APU-20
64,FA,1599,med,7206.10000,Kassel,XC-7
58,FC,1600,L,11852.10000,New Carolineberg,APU-12
1,FE,1601,2,8888.50000,Caldas da Rainha,APU-12
70,FB,1602,2,8863.60000,Kassel,XC-7
51,FC,1603,3,14802.70000,Lake Troy,APU-15
41,FC,1604,N,11762.10000,Meppen,APU-20
27,FD,1605,H,7431.90000,Dachau,APU-12
62,FB,1606,normal,14734.00000,North Ronaldchester,APU-12
38,FA,1607,1,,Beja,APU-20
63,FA,1608,N,7062.60000,Wolfratshausen,APU-20
35,FD,1609,1,10292.90000,Stade,XC-7
23,FA,1610,light,10429.20000,Dachau,APU-12
57,FE,1611,med,22085.90000,Caldas da Rainha,APU-15
61,FA,1612,light,5633.00000,Esmoriz,APU-15
88,FE,1613,3,14871.50000,Meppen,APU-15
29,FC,1614,L,25072.30000,Rangelbury,APU-15
2,FC,1615,light,34183.40000,Großenhain,APU-12
5,FA,1616,light,7187.00000,East Christopherhaven,APU-12
49,FA,1617,N,12822.80000,New Carolineberg,APU-20
21,FB,1618,1,8237.30000,Brooksside,APU-12
13,FD,1619,light,37316.70000,Potsdam,XC-7
8,FC,1620,light,4597.80000,Biedenkopf,APU-15
39,FC,1621,1,11159.60000,West Kayla,APU-12
40,FC,1622,heavy,19054.90000,West Kayla,XC-7
71,FC,1623,normal,7171.50000,Bischofswerda,XC-7
48,FC,1624,heavy,21389.00000,Lake Amandahaven,APU-12
82,FA,1625,med,11419.70000,Lake Amandahaven,APU-20
53,FB,1626,2,10894.80000,Lake Amandahaven,APU-15
3,FA,1627, 1 ,13178.60000,Meppen,APU-15
79,FA,1628,2,10600.40000,North Ronaldchester,APU-12
86,FA,1629,H,12149.80000,Michelleport,APU-15
55,FC,1630,2,6787.60000,Kennethchester,APU-20
101,FE,1631,heavy,11425.50000,Christopherfurt,APU-15
33,FD,1632,H,4851.80000,Vendas Novas,APU-12
58,FA,1633,heavy,,Jülich,APU-20
38,FD,1634,1,4663.50000,Caldas da Rainha,XC-7
33,FE,1635,N,7055.90000,Vila Nova de Santo André,APU-15
100,FB,1636,H,7168.30000,Amora,APU-20
29,FC,1637,normal,22840.10000,Potsdam,APU-20
33,FE,1638,light,7736.10000,Bad Liebenwerda,XC-7
72,FD,1639,2,18971.50000,Lake Troy,APU-20
52,FE,1640,med,5532.60000,Katherinechester,APU-12
92,FD,1641,normal,7955.70000,Güstrow,APU-12
36,FE,1642,1,13761.60000,Porto,APU-20
94,FB,1643,heavy,13671.60000,Ermesinde,APU-15
118,FB,1644,med,5553.40000,Bad Liebenwerda,APU-12
37,FD,1645,1,14542.00000,Vila Franca de Xira,XC-7
109,FC,1646,light,5493.50000,West Garyville,APU-12
36,FB,1647,H,8385.50000,Gondomar,XC-7
78,FA,1648, N ,14859.50000,Barcelos,APU-20
86,FA,1649,light,15436.10000,North Ronaldchester,XC-7
45,FC,1650,normal,6628.10000,Michelleport,APU-15
101,FC,1651,med,26596.60000,Michelleport,APU-15
113,FE,1652, 2 ,9894.70000,Vendas Novas,APU-12
23,FD,1653,light,7750.80000,Porto,XC-7
117,FE,1654,H,7887.20000,Vila Franca de Xira,APU-15
74,FD,1655,N,9895.80000,Christopherfurt,XC-7
12,FC,1656,1,11086.10000,Fürstenfeldbruck,APU-15
60,FD,1657,med,10532.40000,Lake Timothyshire,APU-20
87,FA,1658,2,7955.20000,Seixal,APU-20
86,FA,1659,2,30578.20000,Rangelbury,APU-12
103,FB,1660, L ,29389.80000,Wolfratshausen,APU-12
101,FB,1661,3,6326.70000,Brooksside,APU-15
17,FB,1662,N,24550.90000,Güstrow,APU-20
105,FC,1663,N,6643.10000,Vila Franca de Xira,APU-12
114,FB,1664,H,14394.40000,Güstrow,XC-7
50,FD,1665,N,16078.90000,Vendas Novas,XC-7
39,FE,1666,1,17257.30000,Caldas da Rainha,XC-7
47,FD,1667,med,14300.60000,Jülich,APU-20
102,FD,1668,light,18093.70000,Vila Nova de Foz Côa,APU-15
31,FC,1669,light,6352.70000,Mirandela,APU-12
58,FD,1670,N,45000.00000,Vendas Novas,XC-7
40,FA,1671,N,28098.50000,Sacavém,XC-7
59,FA,1672,N,13218.50000,Vila Nova de Foz Côa,APU-15
36,FD,1673,L,26000.80000,Porto,XC-7
58,FC,1674,N,7836.30000,Kennethchester,APU-12
115,FB,1675,2,13400.60000,Beja,APU-20
118,FE,1676,3,8200.40000,Rathenow,APU-12
104,FD,1677,heavy,8722.80000,Mirandela,APU-20
2,FE,1678,light,15414.10000,Mealhada,APU-20
21,FD,1679,L,13423.20000,North Ronaldchester,APU-20
52,FD,1680,N,21969.80000,Quedlinburg,APU-20
3,FB,1681,1,,West Garyville,XC-7
34,FD,1682, light ,45000.00000,Potsdam,XC-7
15,FC,1683,1,12228.90000,Mirandela,XC-7
46,FA,1684,2,6467.70000,Dachau,APU-20
30,FC,1685,1,12941.60000,New Jasonfort,APU-15
4,FE,1686,light,8498.50000,Michealside,APU-15
71,FB,1687,1,10221.20000,Beja,APU-12
66,FA,1688,normal,27943.10000,Brooksside,APU-12
74,FA,1689,N,14529.20000,Lambertside,XC-7
36,FC,1690,L,4924.30000,Kennethchester,APU-20
37,FB,1691,L,5202.70000,Lambertside,APU-20
6,FC,1692,light,16889.20000,Erkelenz,APU-15
115,FC,1693,3,6167.90000,Katherinechester,XC-7
91,FD,1694,1,8365.90000,Vila Nova de Foz Côa,APU-15
116,FA,1695,heavy,5477.50000,Lestertown,XC-7
43,FE,1696, 2 ,9281.10000,Rangelbury,APU-15
3,FB,1697,L,6161.80000,Katherinechester,APU-15
17,FC,1698,L,24222.80000,Lake Amandahaven,APU-20
6,FB,1699,L,14781.40000,Andrewberg,XC-7
74,FA,1700,2,5184.90000,Vila Franca de Xira,APU-20
15,FA,1701,light,7189.00000,Lake Timothyshire,APU-15
73,FC,1702,normal,15511.50000,Mirandela,APU-15
106,FB,1703,H,25383.90000,Güstrow,APU-12
17,FD,1704,1,6150.50000,Vila Nova de Foz Côa,APU-15
66,FA,1705,2,7123.70000,Dachau,APU-20
64,FB,1706,N,32508.80000,Ermesinde,APU-20
26,FD,1707,light,5173.90000,New Carolineberg,APU-20
97,FB,1708,3,12081.20000,Michelleport,APU-20
22,FE,1709,1,8787.30000,Wolfratshausen,APU-12
108,FD,1710,H,8239.10000,Crailsheim,APU-12
5,FE,1711,N,17181.70000,Mealhada,APU-12
6,FE,1712,L,6913.20000,Lake Troy,XC-7
11,FB,1713,1,27033.30000,Wolfratshausen,APU-20
73,FE,1714,3,8332.70000,North Ronaldchester,APU-20
17,FA,1715,L,21655.70000,Kassel,APU-15
100,FB,1716, 3 ,,Stade,APU-12
58,FA,1717,N,20183.70000,Michelleport,APU-20
9,FA,1718,N,3089.10000,Michelleport,XC-7
85,FD,1719, 3 ,12431.70000,Wismar,XC-7
48,FA,1720,1,11455.50000,Biedenkopf,APU-15
11,FA,1721,1,7889.30000,Lake Amandahaven,APU-15
77,FD,1722,N,17213.10000,Caldas da Rainha,APU-15
102,FC,1723, H ,30927.70000,Michealside,APU-20
13,FA,1724,med,,Pfaffenhofen an der Ilm,APU-12
40,FA,1725, N ,13513.50000,Großenhain,APU-15
31,FD,1726,L,5247.90000,Kassel,APU-20
64,FC,1727,N,11144.70000,Caldas da Rainha,XC-7
118,FA,1728,H,14256.70000,Lamego,XC-7
80,FE,1729,H,5805.30000,Biedenkopf,XC-7
68,FE,1730, L ,13564.10000,Christopherfurt,APU-15
90,FB,1731,H,5136.30000,East Christopherhaven,XC-7
117,FE,1732,1,,Caldas da Rainha,APU-12
0,FC,1733, L ,19291.90000,Heinsberg,APU-15
72,FA,1734,med,12205.50000,Christopherfurt,APU-12
115,FD,1735,med,9650.00000,Andrewberg,APU-15
89,FD,1736,heavy,27383.90000,North Ronaldchester,APU-15
64,FE,1737,2,12671.50000,Porto,APU-15
12,FD,1738,L,6070.90000,North Ronaldchester,APU-12
94,FC,1739,3,10175.80000,Erkelenz,APU-20
105,FB,1740,3,9499.20000,Potsdam,APU-15
53,FB,1741,light,28039.20000,Bad Liebenwerda,APU-20
88,FB,1742,3,20549.80000,Biedenkopf,APU-20
78,FA,1743,med,27918.60000,Rathenow,APU-20
90,FB,1744,med,17566.90000,Lake Troy,APU-12
37,FC,1745,1,9368.60000,Porto,APU-15
85,FC,1746,N,36926.80000,Heinsberg,APU-20
74,FA,1747, 2 ,9504.90000,Meppen,XC-7
115,FB,1748,2,11349.90000,Kassel,APU-12
28,FA,1749,light,9349.90000,Biedenkopf,XC-7
31,FC,1750,1,15531.90000,Wismar,APU-20
102,FD,1751,1,19346.60000,Potsdam,XC-7
52,FB,1752,normal,21881.20000,Kassel,APU-20
36,FD,1753,L,8132.70000,Andrewberg,APU-15
104,FC,1754,light,27075.00000,Andrewberg,APU-12
65,FE,1755,2,11160.40000,Heiligenstadt,APU-20
57,FA,1756,3,25610.50000,Michelleport,APU-15
85,FB,1757, 3 ,6345.70000,Seixal,APU-20
63,FD,1758,2,12515.80000,Vila Nova de Foz Côa,XC-7
50,FB,1759, 2 ,14552.20000,Kassel,APU-20
111,FA,1760,1,4096.50000,Ermesinde,APU-20
65,FC,1761,light,5965.30000,Quedlinburg,XC-7
63,FD,1762,normal,30809.80000,Anadia,APU-12
60,FB,1763,heavy,14779.50000,Meppen,APU-15
45,FE,1764,normal,2731.40000,Amora,APU-12
17,FA,1765,1,6179.00000,Beja,APU-15
108,FB,1766,light,25141.80000,Beja,APU-12
25,FB,1767,L,11890.10000,Beja,APU-15
78,FD,1768,normal,8546.10000,Barcelos,APU-12
65,FB,1769,med,8290.50000,Rangelbury,APU-20
61,FB,1770,L,20279.80000,Bad Liebenwerda,XC-7
69,FD,1771,2,24141.60000,New Carolineberg,XC-7
98,FA,1772,light,12682.20000,Mealhada,XC-7
0,FE,1773,L,,North Ronaldchester,APU-12
16,FD,1774,1,13798.20000,Crailsheim,XC-7
35,FE,1775, 1 ,6694.40000,Lake Troy,APU-12
42,FD,1776,2,9702.20000,West Kayla,APU-20
61,FC,1777,N,12629.00000,Erkelenz,APU-15
62,FA,1778, N ,10085.60000,Vila Nova de Foz Côa,XC-7
1,FA,1779,light,8075.20000,Caldas da Rainha,APU-20
68,FD,1780,L,21286.90000,Anadia,APU-12
52,FA,1781,med,3428.80000,Lake Timothyshire,APU-12
69,FD,1782,3,7853.50000,Brooksside,APU-15
108,FB,1783,heavy,4704.30000,Rathenow,APU-15
86,FB,1784,heavy,4111.90000,Andrewberg,XC-7
26,FC,1785,L,2863.00000,Vila Franca de Xira,XC-7
78,FC,1786,N,27886.90000,Mirandela,XC-7
25,FC,1787, light ,7658.70000,Vila Franca de Xira,APU-20
78,FC,1788,med,8779.00000,Vendas Novas,XC-7
12,FB,1789,normal,8935.10000,Lamego,APU-12
106,FB,1790,heavy,14145.50000,North Ronaldchester,XC-7
53,FB,1791,N,27492.30000,Beja,APU-12
49,FD,1792,2,7019.90000,Beja,APU-12
76,FC,1793, normal ,8008.60000,Sacavém,APU-20
73,FD,1794,2,9262.90000,Lake Timothyshire,APU-15
96,FD,1795,H,11615.70000,Lestertown,APU-15
77,FB,1796,H,7207.40000,Kennethchester,XC-7
10,FC,1797,L,19261.70000,Barcelos,APU-12
23,FE,1798,med,,Lamego,APU-12
92,FA,1799,N,,Lambertside,APU-12
33,FC,1800,1,10337.40000,Andrewberg,APU-12
101,FC,1801,L,30177.40000,Katherinechester,APU-12
10,FD,1802,1,8098.30000,East Christopherhaven,APU-15
62,FC,1803,N,16627.80000,Anadia,APU-15
1,FC,1804,normal,11050.70000,Heiligenstadt,APU-15
37,FE,1805,light,19148.80000,Meppen,APU-12
34,FB,1806,N,17612.20000,Michelleport,APU-20
49,FE,1807,2,7477.80000,Michealside,APU-12
40,FE,1808,N,8788.10000,Porto,APU-20
43,FE,1809,normal,13652.80000,New Jasonfort,APU-20
64,FC,1810, N ,15855.20000,Lake Amandahaven,APU-20
19,FB,1811,1,13288.00000,Potsdam,APU-20
116,FD,1812, 3 ,13835.80000,Lestertown,APU-20
26,FB,1813,L,9618.30000,Anadia,APU-12
44,FD,1814,light,21878.00000,Güstrow,APU-15
74,FA,1815, med ,5872.50000,Bad Liebenwerda,XC-7
117,FD,1816,heavy,7102.30000,Michealside,APU-12
117,FB,1817,H,8912.40000,West Kayla,APU-12
106,FE,1818,H,13835.50000,Ermesinde,APU-12
56,FC,1819,med,7103.80000,Barcelos,APU-12
60,FE,1820,3,,Andrewberg,APU-20
39,FD,1821,light,8406.80000,Potsdam,APU-20
44,FA,1822, N ,7195.70000,Heiligenstadt,APU-12
1,FB,1823,light,4044.20000,Lestertown,APU-20
42,FE,1824,med,7609.40000,Caldas da Rainha,APU-12
87,FC,1825,light,7758.50000,Lake Troy,APU-15
97,FB,1826,heavy,4759.70000,Wismar,APU-20
60,FA,1827,N,22316.60000,Caldas da Rainha,APU-20
46,FD,1828,normal,14624.70000,New Jasonfort,XC-7
61,FA,1829,normal,20780.80000,Stade,APU-12
70,FA,1830,med,12591.40000,Meppen,APU-12
98,FB,1831,heavy,,Caldas da Rainha,APU-20
21,FE,1832,1,45000.00000,Heinsberg,APU-12
71,FC,1833,2,13881.90000,Esmoriz,APU-12
69,FD,1834,2,13615.90000,Biedenkopf,APU-20
60,FA,1835,normal,,Großenhain,APU-12
15,FC,1836,light,6603.60000,North Ronaldchester,XC-7
97,FA,1837,3,9051.20000,Lake Timothyshire,APU-20
75,FE,1838,normal,4047.40000,Ermesinde,APU-20
83,FB,1839,heavy,10509.20000,Ermesinde,XC-7
67,FE,1840,normal,,Katherinechester,APU-12
44,FB,1841,H,5597.00000,Vila Franca de Xira,APU-20
66,FC,1842,H,37364.10000,Vila Nova de Foz Côa,XC-7
80,FC,1843,heavy,17117.30000,Andrewberg,APU-20
52,FE,1844,L,17926.40000,Crailsheim,APU-12
32,FA,1845,L,21332.50000,Heinsberg,APU-12
34,FA,1846,1,12282.30000,Michealside,APU-12
17,FB,1847,1,11177.50000,Gondomar,APU-20
88,FE,1848,L,,Lake Timothyshire,APU-12
69,FE,1849,med,2526.10000,Rathenow,APU-20
8,FA,1850,1,9469.40000,Lake Troy,APU-12
86,FE,1851,heavy,8210.40000,Jülich,APU-15
54,FD,1852,normal,17043.50000,Brooksside,APU-20
42,FD,1853,med,3875.90000,Heiligenstadt,APU-20
104,FC,1854,H,20929.40000,Brooksside,APU-12
86,FA,1855,med,4032.00000,Mealhada,APU-12
59,FC,1856,heavy,8615.70000,Bischofswerda,APU-12
3,FB,1857,light,13918.40000,Vila Nova de Santo André,APU-20
114,FD,1858,heavy,5374.40000,Jülich,APU-15
59,FB,1859, normal ,4446.10000,Brooksside,XC-7
54,FE,1860,N,18455.90000,New Carolineberg,XC-7
8,FA,1861,light,31209.90000,Caldas da Rainha,APU-20
119,FB,1862,H,8016.10000,Beja,APU-12
36,FB,1863,light,15285.20000,Fürstenfeldbruck,APU-12
4,FC,1864,light,12612.90000,North Ronaldchester,APU-12
42,FD,1865,2,23016.30000,Heiligenstadt,APU-15
60,FD,1866,L,25727.20000,Pfaffenhofen an der Ilm,APU-12
15,FB,1867,light,8262.70000,Heinsberg,APU-12
4,FC,1868,1,7832.10000,Wolfratshausen,XC-7
105,FC,1869,H,13925.10000,Vila Franca de Xira,APU-15
56,FA,1870,2,,Mealhada,APU-15
28,FA,1871,1,19707.10000,Jülich,APU-12
63,FC,1872,2,,Mirandela,APU-15
88,FE,1873,3,16885.20000,Gondomar,APU-20
119,FC,1874,3,18739.60000,Stade,APU-15
98,FC,1875,H,6557.00000,Stade,APU-12
118,FA,1876,3,12675.90000,Seixal,XC-7
25,FE,1877,L,30612.60000,Vila Nova de Foz Côa,APU-15
71,FD,1878,med,27780.80000,Christopherfurt,APU-12
26,FC,1879,light,9120.40000,Vila Franca de Xira,APU-20
70,FE,1880,med,15207.40000,Vendas Novas,APU-12
74,FE,1881,med,8774.80000,Fürstenfeldbruck,APU-15
97,FB,1882,3,45000.00000,North Ronaldchester,APU-15
118,FA,1883,H,10542.10000,Mirandela,APU-20
19,FB,1884,heavy,13201.20000,Crailsheim,APU-15
109,FB,1885,heavy,35780.60000,Bischofswerda,XC-7
67,FE,1886,normal,27646.40000,Ermesinde,APU-20
4,FA,1887,normal,25096.80000,West Garyville,XC-7
44,FA,1888,H,8191.20000,Lestertown,APU-15
108,FD,1889,3,18289.80000,Wolfratshausen,APU-12
11,FB,1890,light,8879.40000,Bad Liebenwerda,APU-15
12,FA,1891,1,10053.90000,Michelleport,APU-12
22,FA,1892,L,12480.50000,Heiligenstadt,APU-20
73,FE,1893,2,9792.20000,Stade,APU-15
35,FB,1894,L,9060.10000,Quedlinburg,APU-15
14,FA,1895,1,17177.40000,Michelleport,XC-7
114,FA,1896,H,23868.10000,Gondomar,APU-20
12,FA,1897,1,,West Kayla,XC-7
0,FC,1898,1,22236.40000,Lamego,APU-15
10,FA,1899,light,21029.90000,Güstrow,APU-12
104,FE,1900,H,5973.40000,Lestertown,APU-15
37,FB,1901,light,16637.50000,Sacavém,XC-7
103,FB,1902,3,32104.20000,Crailsheim,APU-15
50,FD,1903,normal,20588.30000,Heinsberg,APU-12
60,FE,1904,2,13219.20000,Lake Timothyshire,APU-12
69,FA,1905,2,17793.00000,Lake Timothyshire,XC-7
48,FE,1906,normal,9276.10000,Barcelos,APU-20
36,FB,1907, 1 ,6231.00000,Vendas Novas,XC-7
109,FE,1908,heavy,7556.40000,Andrewberg,APU-20
45,FC,1909,med,6070.30000,Anadia,APU-12
28,FA,1910,light,5450.20000,Großenhain,APU-20
20,FC,1911,1,12302.80000,New Jasonfort,APU-20
63,FD,1912, 2 ,22100.40000,Crailsheim,APU-12
37,FD,1913,1,8116.00000,Erkelenz,APU-12
113,FA,1914, H ,11051.20000,Rangelbury,XC-7
53,FC,1915,2,9323.60000,Lambertside,APU-20
72,FA,1916,normal,15853.90000,Kennethchester,XC-7
79,FA,1917, N ,23333.20000,Stade,XC-7
45,FC,1918, normal ,12364.50000,Anadia,APU-20
44,FA,1919,normal,15303.50000,Mealhada,APU-12
3,FE,1920,light,15119.40000,Jülich,APU-15
14,FB,1921,1,7766.10000,Michelleport,APU-12
111,FD,1922,3,7947.30000,Brooksside,APU-15
96,FB,1923,heavy,13468.70000,Vila Franca de Xira,XC-7
81,FB,1924, heavy ,6117.50000,Lake Amandahaven,APU-12
98,FB,1925,H,21495.50000,Vila Franca de Xira,APU-12
71,FE,1926,normal,16954.30000,Esmoriz,APU-12
118,FD,1927,heavy,3445.90000,Bischofswerda,APU-15
56,FD,1928,normal,10401.70000,Meppen,XC-7
80,FB,1929,med,18373.70000,North Ronaldchester,APU-15
46,FA,1930,normal,4494.70000,Dachau,APU-20
21,FD,1931,L,9440.50000,Mealhada,APU-12
35,FE,1932,1,10999.90000,North Ronaldchester,APU-12
67,FE,1933,N,3096.90000,Vila Nova de Santo André,APU-12
20,FC,1934, L ,16009.10000,Mealhada,APU-12
110,FD,1935, 1 ,17145.30000,Amora,XC-7
44,FB,1936, N ,13361.80000,Christopherfurt,XC-7
63,FE,1937,2,9388.70000,Ermesinde,XC-7
12,FE,1938,1,11305.00000,Jülich,APU-20
81,FD,1939,H,7962.60000,Fürstenfeldbruck,APU-15
61,FE,1940, med ,5047.50000,Barcelos,XC-7
45,FB,1941,normal,13280.50000,West Garyville,APU-15
43,FD,1942,normal,11384.10000,Güstrow,APU-12
77,FD,1943,2,6161.50000,Heinsberg,APU-15
35,FE,1944, light ,16222.50000,Sacavém,APU-15
7,FA,1945,1,8575.40000,Rangelbury,APU-12
91,FA,1946,med,45000.00000,Pfaffenhofen an der Ilm,XC-7
107,FC,1947,3,17471.60000,Barcelos,XC-7
82,FD,1948,normal,14527.50000,Potsdam,APU-15
59,FE,1949,N,21145.90000,Biedenkopf,APU-12
115,FC,1950,heavy,25406.20000,Porto,XC-7
57,FB,1951,med,4434.40000,Pfaffenhofen an der Ilm,APU-12
45,FA,1952,normal,10594.80000,Jülich,APU-20
105,FB,1953,H,11459.10000,East Christopherhaven,APU-15
114,FD,1954,3,30962.00000,East Christopherhaven,XC-7
44,FA,1955,heavy,15955.20000,Michealside,APU-20
27,FD,1956,L,36156.70000,Michelleport,APU-15
64,FC,1957,med,7099.50000,Mealhada,APU-20
90,FE,1958,heavy,14073.80000,Potsdam,XC-7
63,FB,1959,N,10846.20000,Mealhada,APU-20
22,FC,1960,light,5967.00000,West Garyville,APU-15
78,FA,1961,med,9959.70000,Katherinechester,APU-20
60,FA,1962,N,22960.10000,Pfaffenhofen an der Ilm,XC-7
102,FB,1963, 3 ,15914.50000,Porto,XC-7
56,FB,1964,L,18087.30000,Güstrow,XC-7
28,FC,1965,L,20698.90000,Lake Timothyshire,APU-15
94,FA,1966,L,6521.80000,New Carolineberg,XC-7
110,FA,1967,H,24530.70000,Ermesinde,APU-12
3,FC,1968,med,19005.70000,Wismar,XC-7
88,FB,1969,3,15963.90000,New Jasonfort,XC-7
83,FA,1970,1,9768.50000,Bad Liebenwerda,APU-20
33,FE,1971,med,11123.60000,Michelleport,APU-20
12,FD,1972,1,6380.40000,Güstrow,APU-15
70,FD,1973,normal,13874.80000,West Garyville,XC-7
105,FE,1974,H,25133.10000,Heinsberg,APU-15
45,FD,1975, med ,3197.20000,Barcelos,APU-20
93,FA,1976, heavy ,16634.90000,Vendas Novas,APU-20
27,FA,1977,L,10742.90000,Pfaffenhofen an der Ilm,APU-12
38,FE,1978,heavy,8037.70000,Biedenkopf,APU-12
6,FB,1979,L,12213.80000,Lestertown,APU-20
33,FA,1980,1,45000.00000,Potsdam,APU-20
103,FD,1981,L,6286.90000,Beja,APU-12
22,FB,1982,light,15006.00000,Christopherfurt,APU-20
46,FA,1983, normal ,29835.80000,Großenhain,APU-12
49,FD,1984,N,14128.50000,Lake Amandahaven,APU-12
13,FD,1985,L,8541.30000,Kennethchester,APU-12
74,FC,1986,2,18926.80000,Seixal,XC-7
53,FA,1987,1,10266.60000,Vila Nova de Santo André,APU-15
88,FB,1988,light,14095.20000,Caldas da Rainha,XC-7
29,FC,1989,1,34766.40000,Katherinechester,APU-12
106,FA,1990,3,5605.10000,Amora,APU-12
112,FB,1991,N,8616.20000,Christopherfurt,APU-15
67,FC,1992, N ,5833.70000,East Christopherhaven,APU-20
10,FE,1993,light,15316.90000,Katherinechester,APU-20
44,FE,1994,N,36579.10000,Michealside,APU-20
77,FC,1995,N,14432.80000,East Christopherhaven,XC-7
89,FB,1996,3,6393.70000,Lake Troy,APU-20
80,FE,1997,H,8241.90000,Vila Nova de Foz Côa,APU-12
60,FB,1998,normal,7435.00000,Sacavém,APU-15
71,FA,1999,normal,6121.10000,Esmoriz,XC-7
109,FE,2000,H,8974.80000,Seixal,APU-15
